TIME_STAMP,Throughput,4G_RSRP,4G_RSRQ,4G_MCS,4G_RB,4G_BLER,4G_MAC_Total_Throughput,5G_RSRP,5G_RSRQ,5G_BLER,5G_MCS,5G_MAC_Total_Throughput,5G_RB,5G_TBS,4G_TBS
1691525640.7895598,0.0,-87.38,-8.44,2.67,3.0,0.0,3.448,,,,,,,,30.0
1691525640.7995598,0.0,-87.38,-8.44,2.67,3.0,0.0,3.448,,,,,,,,30.0
1691525640.8095598,0.0,-87.38,-8.44,2.67,3.0,0.0,3.448,,,,,,,,30.0
1691525640.8195598,0.5133,-87.38,-8.44,2.67,3.0,0.0,3.448,,,,,,,,30.0
1691525640.8295598,9.7222,-87.38,-8.44,2.67,3.0,0.0,3.448,,,,,,,,30.0
1691525640.8395598,0.0,-87.38,-8.44,2.67,3.0,0.0,3.448,,,,,,,,30.0
1691525640.8495598,0.0,-87.38,-8.44,2.67,3.0,0.0,3.448,,,,,,,,30.0
1691525640.8595598,1.0349,-87.38,-8.44,2.67,3.0,0.0,3.448,,,,,,,,30.0
1691525640.8695598,5.6337,-87.53,-12.06,2.67,3.0,0.0,3.448,,,,,,,,30.0
1691525640.8795598,15.2109,-87.13,-13.28,2.67,3.0,0.0,3.448,,,,,,,,7.0
1691525640.8895595,0.0,-87.13,-13.28,2.67,3.0,0.0,3.448,,,,,,,,7.0
1691525640.8995595,2.0362,-86.5,-11.0,2.67,3.0,0.0,3.448,,,,,,,,309.0
1691525640.9095595,6.7009,-86.5,-11.0,2.67,3.0,0.0,3.448,,,,,,,,7.0
1691525640.91956,0.0,-86.5,-11.0,2.67,3.0,0.0,3.448,,,,,,,,7.0
1691525640.92956,0.0,-86.5,-11.0,2.67,3.0,0.0,3.448,,,,,,,,18.0
1691525640.93956,0.0,-86.5,-11.0,2.67,3.0,0.0,3.448,,,,,,,,4.0
1691525640.94956,20.971,-86.5,-11.0,2.67,3.0,0.0,3.448,,,,,,,,73.0
1691525640.95956,0.0,-86.5,-11.0,2.67,3.0,0.0,3.448,,,,,,,,73.0
1691525640.96956,0.0,-86.5,-11.0,2.67,3.0,0.0,3.448,,,,,,,,73.0
1691525640.97956,0.0,-86.5,-11.0,2.67,3.0,0.0,3.448,,,,,,,,7.0
1691525640.98956,0.0,-86.5,-11.0,2.67,3.0,0.0,3.448,,,,,,,,85.0
1691525640.9995599,0.0,-86.5,-11.0,2.67,3.0,0.0,3.448,,,,,,,,7.0
1691525641.0095599,2.0597,-87.94,-9.31,2.67,3.0,0.0,3.448,,,,,,,,7.0
1691525641.0195599,40.1044,-87.94,-9.31,2.67,3.0,0.0,3.448,,,,,,,,133.0
1691525641.0295599,5.1093,-89.19,-9.09,2.67,3.0,0.0,3.448,,,,,,,,133.0
1691525641.0395598,24.6376,-89.19,-9.09,5.18,4.0,0.0,3.448,,,,,,,,7.0
1691525641.0495598,0.0,-88.63,-13.81,5.18,4.0,0.0,3.448,,,,,,,,7.0
1691525641.0595598,3.0856,-87.56,-14.88,5.18,4.0,0.0,3.448,,,,,,,,7.0
1691525641.0695598,0.0,-86.5,-14.25,5.18,4.0,0.0,3.448,,,,,,,,7.0
1691525641.0795598,0.0,-86.5,-14.25,5.18,4.0,0.0,3.448,,,,,,,,7.0
1691525641.0895598,0.0,-86.5,-14.25,5.18,4.0,0.0,3.448,,,,,,,,73.0
1691525641.0995598,0.0,-85.94,-11.31,5.18,4.0,0.0,3.448,,,,,,,,73.0
1691525641.1095598,77.1808,-85.94,-11.31,5.18,4.0,0.0,3.448,,,,,,,,73.0
1691525641.1195598,0.0,-87.08,-11.63,5.18,4.0,0.0,3.448,,,,,,,,7.0
1691525641.1295598,0.0,-85.94,-16.88,5.18,4.0,0.0,3.448,,,,,,,,7.0
1691525641.1395595,0.0,-85.94,-16.88,5.18,4.0,0.0,3.448,,,,,,,,7.0
1691525641.1495595,1.018,-85.94,-16.88,5.18,4.0,0.0,3.448,,,,,,,,7.0
1691525641.1595595,0.0,-85.94,-16.88,5.18,4.0,0.0,3.448,,,,,,,,7.0
1691525641.16956,0.0,-85.94,-16.88,5.18,4.0,0.0,3.448,,,,,,,,1031.0
1691525641.17956,0.0,-85.94,-16.88,16.94,219.43,6.45,3.448,,,,,,,,3640.5
1691525641.18956,0.0,-86.63,-6.19,16.94,219.43,6.45,3.448,,,,,,,,7.0
1691525641.19956,0.0,-87.13,-9.31,16.94,219.43,6.45,3.448,,,,,,,,7.0
1691525641.20956,7.7209,-87.81,-11.25,16.94,219.43,6.45,3.448,,,,,,,,7.0
1691525641.21956,20.9815,-87.81,-11.25,16.94,219.43,6.45,3.448,,,,,,,,7.0
1691525641.22956,52.6412,-87.81,-11.25,16.94,219.43,6.45,3.448,,,,,,,,591.4
1691525641.23956,0.0,-87.81,-11.25,16.94,219.43,6.45,3.448,,,,,,,,2386.5
1691525641.2495599,0.0,-87.94,-14.06,16.94,219.43,6.45,3.448,,,,,,,,3597.0
1691525641.2595599,0.0,-88.25,-13.5,11.67,231.63,3.45,3.448,,,,,,,,2633.75
1691525641.2695599,0.0,-88.25,-13.5,11.67,231.63,3.45,3.448,,,,,,,,121.0
1691525641.2795599,0.0,-88.25,-13.5,11.67,231.63,3.45,3.448,,,,,,,,233.0
1691525641.2895598,0.0,-88.44,-13.19,11.67,231.63,3.45,3.448,,,,,,,,7.0
1691525641.2995598,0.0,-88.44,-13.19,11.67,231.63,3.45,3.448,,,,,,,,7.0
1691525641.3095598,0.0,-88.81,-12.94,11.67,231.63,3.45,3.448,,,,,,,,7.0
1691525641.3195598,0.0,-89.69,-13.88,20.25,186.81,40.63,3.448,,,,,,,,2961.0
1691525641.3295598,0.0,-89.69,-13.88,20.25,186.81,40.63,3.448,,,,,,,,3071.5
1691525641.3395598,0.0,-89.75,-12.81,21.5,240.67,42.42,3.448,,,,,,,,7.0
1691525641.3495598,0.0,-89.13,-13.88,21.5,240.67,42.42,3.448,,,,,,,,3963.0
1691525641.3595598,0.0,-89.25,-13.0,21.5,240.67,42.42,3.448,,,,,,,,3963.0
1691525641.3695598,0.0,-89.25,-13.0,21.5,240.67,42.42,3.448,,,,,,,,3963.0
1691525641.3795598,0.0,-89.25,-14.25,21.5,240.67,42.42,3.448,,,,,,,,117.66666666666669
1691525641.3895595,0.0,-89.56,-8.13,21.5,240.67,42.42,3.448,,,,,,,,11.0
1691525641.3995595,0.0,-89.56,-8.13,18.67,151.2,4.55,3.448,,,,,,,,11.0
1691525641.4095595,0.0,-89.56,-8.13,18.67,151.2,4.55,3.448,,,,,,,,11.0
1691525641.41956,23.1581,-89.56,-8.13,18.67,151.2,4.55,3.448,,,,,,,,2661.0
1691525641.42956,48.5042,-92.63,-9.38,18.67,151.2,4.55,3.448,,,,,,,,117.0
1691525641.43956,14.3446,-92.88,-10.81,18.67,151.2,4.55,3.448,,,,,,,,161.0
1691525641.44956,0.0,-92.13,-13.25,18.67,151.2,4.55,3.448,,,,,,,,161.0
1691525641.45956,3.1049,-92.13,-13.25,12.09,90.33,7.69,3.448,,,,,,,,161.0
1691525641.46956,31.8108,-92.13,-13.25,12.09,90.33,7.69,3.448,,,,,,,,161.0
1691525641.47956,14.3031,-92.13,-13.25,12.09,90.33,7.69,3.448,,,,,,,,161.0
1691525641.48956,40.9273,-92.13,-13.5,12.09,90.33,7.69,3.448,,,,,,,,405.0
1691525641.4995599,0.0,-92.13,-13.5,12.09,90.33,7.69,3.448,,,,,,,,405.0
1691525641.5095599,5.6592,-90.88,-9.06,12.09,90.33,7.69,3.448,,,,,,,,405.0
1691525641.5195599,19.495,-90.69,-14.19,23.0,133.95,22.73,3.448,,,,,,,,935.0
1691525641.5295599,31.0859,-90.69,-14.19,23.0,133.95,22.73,3.448,,,,,,,,1191.0
1691525641.5395598,31.8683,-90.69,-12.69,19.78,131.73,15.56,3.448,,,,,,,,2778.333333333333
1691525641.5495598,6.65,-90.69,-12.69,19.78,131.73,15.56,3.448,,,,,,,,7.0
1691525641.5595598,7.6677,-90.69,-12.69,19.78,131.73,15.56,3.448,,,,,,,,4587.0
1691525641.5695598,43.8391,-90.69,-12.69,19.78,131.73,15.56,3.448,,,,,,,,4587.0
1691525641.5795598,14.3145,-90.69,-12.69,19.78,131.73,15.56,3.448,,,,,,,,4587.0
1691525641.5895598,34.0165,-90.69,-12.69,19.78,131.73,15.56,3.448,,,,,,,,139.66666666666666
1691525641.5995598,2.5473,-90.69,-12.69,19.78,131.73,15.56,3.448,,,,,,,,309.0
1691525641.6095598,25.2674,-89.56,-11.38,5.0,77.3,4.76,,-93.24,-11.27,,,,,,7.0
1691525641.6195598,40.8701,-89.56,-11.38,5.0,77.3,4.76,,-93.24,-11.27,,,,,,7.0
1691525641.6295598,21.0277,-89.56,-11.38,5.0,77.3,4.76,,-93.24,-11.27,,,,,,7.0
1691525641.6395595,19.4579,-89.5,-10.38,5.0,77.3,4.76,,-93.24,-11.27,,,,,,7.0
1691525641.6495595,14.3346,-89.19,-8.19,5.0,77.3,4.76,,-93.24,-11.27,,,,,,7.0
1691525641.6595595,14.3131,-89.19,-8.19,5.0,77.3,4.76,,-93.24,-11.27,,,,,,7.0
1691525641.66956,32.1083,-87.0,-7.0,5.08,27.79,17.65,21.601999999999997,-93.3,-11.07,29.0,0.0,26.42,273.0,1056.5,173.0
1691525641.67956,28.3957,-87.0,-7.0,5.08,27.79,17.65,21.601999999999997,-93.3,-11.07,29.0,0.0,26.42,273.0,1056.5,7.0
1691525641.68956,31.1946,-87.0,-7.0,5.08,27.79,17.65,21.601999999999997,-93.3,-11.07,29.0,0.0,26.42,269.16,1044.4,2961.0
1691525641.69956,11.749,-87.0,-7.0,5.08,27.79,17.65,21.601999999999997,-93.3,-11.07,29.0,0.0,26.42,273.0,1024.67,2961.0
1691525641.70956,32.3433,-87.0,-7.0,5.08,27.79,17.65,21.601999999999997,-93.3,-11.07,29.0,13.67,26.42,105.11,7655.0,2961.0
1691525641.71956,10.7628,-87.0,-7.0,5.08,27.79,17.65,21.601999999999997,-93.3,-11.07,29.0,18.42,26.42,28.24,7169.41,2961.0
1691525641.72956,11.255,-87.0,-7.0,5.08,27.79,17.65,21.601999999999997,-93.3,-11.07,29.0,15.22,26.42,40.42,8143.58,2961.0
1691525641.73956,31.4048,-87.0,-7.0,5.08,27.79,17.65,21.601999999999997,-93.3,-11.07,29.0,14.0,26.42,53.82,7224.64,2961.0
1691525641.7495599,30.9771,-87.0,-7.0,5.08,27.79,17.65,21.601999999999997,-93.3,-11.07,29.0,10.0,26.42,24.0,2945.0,2961.0
1691525641.7595599,32.3109,-88.06,-7.56,5.08,27.79,17.65,21.601999999999997,-93.3,-11.07,29.0,10.0,26.42,24.0,2945.0,2961.0
1691525641.7695599,18.4357,-88.06,-10.38,5.08,27.79,17.65,21.601999999999997,-93.3,-11.07,29.0,9.76,26.42,25.41,2715.59,2961.0
1691525641.7795599,16.384,-88.06,-10.38,5.08,27.79,17.65,21.601999999999997,-93.3,-11.07,29.0,10.0,26.42,26.67,2764.0,2961.0
1691525641.7895598,12.2831,-88.06,-10.38,5.08,27.79,17.65,21.601999999999997,-93.3,-11.07,29.0,10.75,26.42,16.0,2145.75,2961.0
1691525641.7995598,51.4957,-88.81,-10.19,5.08,27.79,17.65,21.601999999999997,-93.3,-11.07,29.0,9.56,26.42,53.33,6426.22,2961.0
1691525641.8095598,26.7256,-88.25,-9.81,5.08,27.79,17.65,21.601999999999997,-93.3,-11.07,1.04,11.5,26.215999999999998,16.0,2274.0,2961.0
1691525641.8195598,16.3873,-88.25,-9.81,5.08,27.79,17.65,21.601999999999997,-93.3,-11.07,1.04,11.0,26.215999999999998,16.0,2178.0,2961.0
1691525641.8295598,28.7036,-86.88,-13.38,5.08,27.79,17.65,21.601999999999997,-93.3,-11.07,1.04,11.71,26.215999999999998,25.14,2699.29,2961.0
1691525641.8395598,1.0241,-86.31,-11.75,5.08,27.79,17.65,21.601999999999997,-93.3,-11.07,1.04,11.29,26.215999999999998,22.86,3147.29,2961.0
1691525641.8495598,46.0432,-86.63,-8.19,5.08,27.79,17.65,21.601999999999997,-93.3,-11.07,1.04,11.78,26.215999999999998,29.33,3376.06,2961.0
1691525641.8595598,19.9142,-87.25,-10.75,5.08,27.79,17.65,21.601999999999997,-93.3,-11.07,1.04,12.9,26.215999999999998,22.4,3156.6,2961.0
1691525641.8695598,31.8843,-87.25,-10.75,5.08,27.79,17.65,21.601999999999997,-93.3,-11.07,1.04,14.0,26.215999999999998,16.0,2880.0,2961.0
1691525641.8795598,15.2851,-87.75,-10.25,5.08,27.79,17.65,21.601999999999997,-93.3,-11.07,1.04,11.89,26.215999999999998,46.22,6375.11,2961.0
1691525641.8895595,41.1039,-87.5,-11.94,5.08,27.79,17.65,21.601999999999997,-93.3,-11.07,1.04,14.42,26.215999999999998,22.74,3503.58,2961.0
1691525641.8995595,26.5576,-88.44,-8.22,5.08,27.79,17.65,21.601999999999997,-93.3,-11.07,1.04,14.73,26.215999999999998,20.0,3216.5,7.0
1691525641.9095595,1.0261,-88.44,-8.22,5.08,27.79,17.65,21.601999999999997,-93.3,-11.07,14.16,15.75,32.574,22.0,3473.5,7.0
1691525641.91956,17.3646,-88.44,-8.22,5.08,27.79,17.65,21.601999999999997,-93.3,-11.07,14.16,14.6,32.574,29.47,4104.58,7.0
1691525641.92956,47.4641,-88.31,-11.06,5.08,27.79,17.65,21.601999999999997,-93.3,-11.07,14.16,15.09,32.574,24.62,4028.62,7.0
1691525641.93956,9.7848,-88.31,-11.06,5.08,27.79,17.65,21.601999999999997,-93.3,-11.07,14.16,15.53,32.574,21.0,3673.75,7.0
1691525641.94956,46.1031,-88.31,-11.06,5.08,27.79,17.65,21.601999999999997,-93.3,-11.07,14.16,16.0,32.574,20.0,3057.0,7.0
1691525641.95956,16.3334,-88.63,-8.34,5.08,27.79,17.65,21.601999999999997,-93.3,-11.07,14.16,15.44,32.574,22.0,3921.56,7.0
1691525641.96956,41.0585,-90.25,-7.81,5.08,27.79,17.65,21.601999999999997,-91.56,-11.03,14.16,16.31,32.574,21.33,3854.4,7.0
1691525641.97956,34.2458,-90.56,-11.63,5.08,27.79,17.65,21.601999999999997,-91.56,-11.03,14.16,16.67,32.574,22.4,4354.0,7.0
1691525641.98956,17.3594,-90.56,-11.63,5.08,27.79,17.65,21.601999999999997,-91.56,-11.03,14.16,15.9,32.574,23.38,4068.69,7.0
1691525641.9995599,26.7363,-90.25,-10.13,5.08,27.79,17.65,21.601999999999997,-91.56,-11.03,14.16,15.25,32.574,20.8,3579.4,7.0
1691525642.0095599,30.7169,-89.94,-11.75,5.08,27.79,17.65,21.601999999999997,-91.56,-11.03,22.3,16.8,38.236,20.71,3668.18,7.0
1691525642.0195599,15.3877,-89.94,-11.75,5.08,27.79,17.65,21.601999999999997,-91.56,-11.03,22.3,16.8,38.236,20.71,3668.18,7.0
1691525642.0295599,39.2474,-90.0,-9.25,5.08,27.79,17.65,21.601999999999997,-91.56,-11.03,22.3,16.36,38.236,20.92,4033.69,7.0
1691525642.0395598,5.6523,-90.63,-10.56,5.08,27.79,17.65,21.601999999999997,-91.56,-11.03,22.3,16.9,38.236,26.24,4937.84,7.0
1691525642.0495598,15.2866,-91.69,-8.25,5.08,27.79,17.65,21.601999999999997,-91.56,-11.03,22.3,17.83,38.236,20.57,4015.29,7.0
1691525642.0595598,46.2929,-91.19,-9.94,5.08,27.79,17.65,21.601999999999997,-91.56,-11.03,22.3,17.53,38.236,26.24,4638.24,7.0
1691525642.0695598,24.4805,-89.56,-10.5,5.08,27.79,17.65,21.601999999999997,-91.56,-11.03,22.3,17.14,38.236,33.33,4956.83,7.0
1691525642.0795598,10.7338,-89.56,-10.5,5.08,27.79,17.65,21.601999999999997,-91.56,-11.03,22.3,14.25,38.236,28.8,4750.8,7.0
1691525642.0895598,27.7981,-89.56,-10.5,5.08,27.79,17.65,21.601999999999997,-91.56,-11.03,22.3,15.5,38.236,29.54,4149.46,7.0
1691525642.0995598,29.4896,-89.56,-10.5,5.08,27.79,17.65,21.601999999999997,-91.56,-11.03,22.3,14.7,38.236,26.18,4522.45,7.0
1691525642.1095598,30.9303,-89.56,-10.5,5.08,27.79,17.65,21.601999999999997,-91.56,-11.03,10.34,15.0,35.301,24.0,3857.25,7.0
1691525642.1195598,2.5534,-90.31,-8.31,5.08,27.79,17.65,21.601999999999997,-91.56,-11.03,10.34,14.33,35.301,34.13,5571.27,7.0
1691525642.1295598,66.3199,-90.31,-8.31,5.08,27.79,17.65,21.601999999999997,-92.38,-11.09,10.34,15.89,35.301,20.0,3521.67,7.0
1691525642.1395595,15.3186,-90.31,-8.31,5.08,27.79,17.65,21.601999999999997,-92.38,-11.09,10.34,16.0,35.301,21.33,3735.0,7.0
1691525642.1495595,18.2803,-89.81,-7.94,5.08,27.79,17.65,21.601999999999997,-92.38,-11.09,10.34,16.25,35.301,20.92,3703.46,7.0
1691525642.1595595,2.5817,-89.81,-7.94,5.08,27.79,17.65,21.601999999999997,-92.38,-11.09,10.34,15.0,35.301,22.0,3697.75,7.0
1691525642.16956,37.5144,-89.81,-7.94,5.08,27.79,17.65,21.601999999999997,-92.38,-11.09,10.34,14.8,35.301,22.86,3601.64,7.0
1691525642.17956,34.2401,-89.81,-7.94,5.08,27.79,17.65,21.601999999999997,-92.38,-11.09,10.34,15.9,35.301,21.82,4034.0,7.0
1691525642.18956,101.0391,-90.13,-12.38,5.08,27.79,17.65,21.601999999999997,-92.38,-11.09,10.34,16.83,35.301,36.0,7162.75,4.0
1691525642.19956,0.0,-90.13,-12.38,5.08,27.79,17.65,21.601999999999997,-92.38,-11.09,10.34,15.75,35.301,20.92,3762.46,4.0
1691525642.20956,1.0284,-90.13,-12.38,5.08,27.79,17.65,21.601999999999997,-92.38,-11.09,18.97,16.8,39.34,20.57,3255.86,4.0
1691525642.21956,73.8388,-90.31,-13.06,5.08,27.79,17.65,21.601999999999997,-92.38,-11.09,18.97,16.82,39.34,22.67,4364.42,4.0
1691525642.22956,92.7648,-90.31,-13.06,5.08,27.79,17.65,21.601999999999997,-92.38,-11.09,18.97,16.0,39.34,36.0,5016.08,4.0
1691525642.23956,15.3156,-91.38,-10.16,9.0,22.5,0.0,21.601999999999997,-92.38,-11.09,18.97,15.25,39.34,25.0,4374.13,4.0
1691525642.2495599,1.0186,-91.38,-10.16,9.0,22.5,0.0,21.601999999999997,-92.38,-11.09,18.97,16.0,39.34,24.0,4109.0,4.0
1691525642.2595599,0.0,-91.31,-13.44,9.0,22.5,0.0,21.601999999999997,-92.38,-11.09,18.97,16.38,39.34,20.8,3892.8,4.0
1691525642.2695599,1.0259,-91.31,-13.44,9.0,22.5,0.0,21.601999999999997,-92.38,-11.09,18.97,16.89,39.34,22.4,4430.7,4.0
1691525642.2795599,83.9176,-88.94,-15.06,9.0,22.5,0.0,21.601999999999997,-92.38,-11.09,18.97,16.79,39.34,29.87,5981.13,4.0
1691525642.2895598,31.9453,-88.25,-11.56,9.0,22.5,0.0,21.601999999999997,-92.83,-11.05,18.97,17.8,39.34,23.38,4610.15,1453.5
1691525642.2995598,66.9515,-88.0,-12.94,9.0,22.5,0.0,21.601999999999997,-92.83,-11.05,18.97,17.29,39.34,24.0,4533.3,573.0
1691525642.3095598,7.6593,-87.38,-11.5,9.0,22.5,0.0,21.601999999999997,-92.83,-11.05,16.98,16.8,31.008000000000003,26.0,4313.88,573.0
1691525642.3195598,2.5636,-87.38,-11.5,9.0,22.5,0.0,21.601999999999997,-92.83,-11.05,16.98,16.29,31.008000000000003,23.38,3974.54,573.0
1691525642.3295598,85.3845,-86.63,-9.06,9.0,22.5,0.0,21.601999999999997,-92.83,-11.05,16.98,14.8,31.008000000000003,37.33,4503.67,573.0
1691525642.3395598,11.2494,-86.63,-9.06,9.0,22.5,0.0,21.601999999999997,-92.83,-11.05,16.98,17.45,31.008000000000003,21.33,3932.08,573.0
1691525642.3495598,0.0,-86.69,-10.31,9.0,22.5,0.0,21.601999999999997,-92.83,-11.05,16.98,18.73,31.008000000000003,40.07,5712.07,903.0
1691525642.3595598,16.463,-86.88,-9.56,9.0,22.5,0.0,21.601999999999997,-92.83,-11.05,16.98,16.64,31.008000000000003,21.82,4202.45,903.0
1691525642.3695598,39.5387,-86.88,-9.56,9.0,22.5,0.0,21.601999999999997,-92.83,-11.05,16.98,18.0,31.008000000000003,35.2,7702.8,903.0
1691525642.3795598,63.4732,-87.81,-12.0,9.0,22.5,0.0,21.601999999999997,-92.83,-11.05,16.98,18.0,31.008000000000003,16.0,2001.0,6882.0
1691525642.3895595,86.5178,-87.81,-12.0,25.64,33.57,44.12,21.601999999999997,-92.83,-11.05,16.98,18.6,31.008000000000003,22.4,4546.0,4587.0
1691525642.3995595,16.4218,-87.81,-12.0,25.64,33.57,44.12,21.601999999999997,-92.83,-11.05,16.98,18.33,31.008000000000003,27.73,4669.67,1836.0
1691525642.4095595,35.2188,-87.81,-12.0,25.64,33.57,44.12,21.601999999999997,-92.83,-11.05,21.54,13.67,32.013000000000005,28.8,4790.0,1836.0
1691525642.41956,7.6946,-87.81,-12.0,18.56,46.22,54.76,21.601999999999997,-92.83,-11.05,21.54,17.8,32.013000000000005,26.67,5431.5,1836.0
1691525642.42956,0.0,-87.81,-12.0,18.56,46.22,54.76,21.601999999999997,-92.83,-11.05,21.54,17.33,32.013000000000005,28.8,5346.3,3542.0
1691525642.43956,12.4675,-87.81,-12.0,20.5,57.58,47.62,21.601999999999997,-92.83,-11.05,21.54,17.29,32.013000000000005,22.0,4377.88,5477.0
1691525642.44956,28.0394,-87.81,-12.0,20.5,57.58,47.62,21.601999999999997,-92.83,-11.05,21.54,17.25,32.013000000000005,19.2,4213.0,775.0
1691525642.45956,86.8836,-87.81,-12.0,20.5,57.58,47.62,21.601999999999997,-92.83,-11.05,21.54,17.75,32.013000000000005,19.2,3354.6,1836.0
1691525642.46956,91.8593,-87.81,-12.0,20.5,57.58,47.62,21.601999999999997,-92.83,-11.05,21.54,17.75,32.013000000000005,19.2,3354.6,212.0
1691525642.47956,11.7139,-87.81,-12.0,24.67,68.82,23.81,21.601999999999997,-92.83,-11.05,21.54,16.64,32.013000000000005,21.82,4202.45,2869.0
1691525642.48956,1.5439,-87.81,-12.0,24.67,68.82,23.81,21.601999999999997,-90.96,-10.84,21.54,16.64,32.013000000000005,16.0,2497.5,2869.0
1691525642.4995599,70.4257,-89.5,-14.44,24.67,68.82,23.81,21.601999999999997,-90.96,-10.84,21.54,16.64,32.013000000000005,16.0,2625.0,1597.5
1691525642.5095599,119.5092,-88.75,-12.25,24.67,68.82,23.81,21.601999999999997,-90.96,-10.84,18.52,17.71,12.895,20.57,4179.86,22.0
1691525642.5195599,32.3206,-88.44,-12.19,24.67,68.82,23.81,21.601999999999997,-90.96,-10.84,18.52,17.0,12.895,26.29,4312.43,461.0
1691525642.5295599,31.6933,-88.38,-14.56,23.67,91.5,19.15,21.601999999999997,-90.96,-10.84,18.52,17.0,12.895,16.0,1313.0,461.28571428571433
1691525642.5395598,50.602,-88.38,-14.56,23.67,91.5,19.15,21.601999999999997,-90.96,-10.84,18.52,17.0,12.895,16.0,2625.0,1154.75
1691525642.5495598,50.7489,-87.38,-15.94,23.4,115.43,2.33,21.601999999999997,-90.96,-10.84,18.52,14.8,12.895,24.0,3399.0,394.27777777777777
1691525642.5595598,73.8018,-87.38,-15.94,23.4,115.43,2.33,21.601999999999997,-90.96,-10.84,18.52,14.8,12.895,24.0,3399.0,1868.5
1691525642.5695598,48.5381,-86.56,-12.25,22.67,97.88,0.0,21.601999999999997,-90.96,-10.84,18.52,14.8,12.895,16.0,2625.0,1480.428571428571
1691525642.5795598,16.4037,-86.75,-14.38,20.0,129.43,0.0,21.601999999999997,-90.96,-10.84,18.52,14.8,12.895,32.0,3841.0,7.0
1691525642.5895598,7.6892,-86.75,-14.38,20.0,129.43,0.0,21.601999999999997,-90.96,-10.84,18.52,14.8,12.895,32.0,3841.0,116.42857142857143
1691525642.5995598,64.1154,-85.41,-12.25,20.0,129.43,0.0,21.601999999999997,-90.96,-10.84,18.52,14.8,12.895,32.0,3841.0,7.0
1691525642.6095598,111.1151,-80.31,-13.88,16.0,95.5,0.0,,-89.55,-10.67,20.59,16.33,6.867000000000001,16.0,3414.33,947.0
1691525642.6195598,59.3149,-80.31,-13.88,16.0,95.5,0.0,,-89.55,-10.67,20.59,16.33,6.867000000000001,16.0,3414.33,2041.0
1691525642.6295598,0.0,-80.31,-13.88,16.0,95.5,0.0,,-89.55,-10.67,20.59,16.33,6.867000000000001,16.0,2433.0,2041.0
1691525642.6395595,10.7466,-79.25,-9.69,22.17,146.8,4.35,,-89.55,-10.67,20.59,18.0,6.867000000000001,48.0,11525.0,2041.0
1691525642.6495595,1.5402,-79.25,-9.69,22.17,146.8,4.35,,-89.55,-10.67,20.59,18.0,6.867000000000001,16.0,3841.0,1216.3333333333333
1691525642.6595595,60.2834,-79.25,-9.69,21.75,98.33,6.38,,-89.55,-10.67,20.59,18.0,6.867000000000001,16.0,3841.0,301.0
1691525642.66956,185.1155,-79.25,-9.69,22.33,116.6,19.57,,-89.55,-10.67,20.59,18.0,6.867000000000001,16.0,3841.0,301.0
1691525642.67956,9.7329,-79.63,-13.81,22.33,116.6,19.57,,-89.55,-10.67,20.59,18.0,6.867000000000001,16.0,3841.0,490.33333333333326
1691525642.68956,0.0,-80.38,-8.75,21.4,85.18,12.5,,-89.55,-10.67,20.59,18.0,6.867000000000001,16.0,3841.0,3039.8
1691525642.69956,24.5245,-80.38,-8.75,22.5,141.67,34.78,,-89.55,-10.67,20.59,18.0,6.867000000000001,16.0,3841.0,2617.0
1691525642.70956,0.0,-81.13,-14.69,22.5,141.67,34.78,,-89.55,-10.67,20.59,18.0,6.867000000000001,16.0,3841.0,1443.375
1691525642.71956,0.0,-81.63,-8.75,22.5,141.67,34.78,,-89.55,-10.67,20.59,18.0,6.867000000000001,16.0,3841.0,341.0
1691525642.72956,1.0273,-86.67,-9.56,20.25,62.52,4.88,,-88.09,-10.77,16.67,18.0,11.860999999999999,16.0,3841.0,167.25
1691525642.73956,76.6467,-86.67,-9.56,20.25,62.52,4.88,,-88.09,-10.77,16.67,18.0,11.860999999999999,16.0,3841.0,167.25
1691525642.7495599,129.8792,-88.19,-12.56,20.25,62.52,4.88,,-88.09,-10.77,16.67,18.0,11.860999999999999,16.0,3841.0,2112.0
1691525642.7595599,71.7805,-88.19,-12.56,20.25,62.52,4.88,,-88.09,-10.77,16.67,18.0,11.860999999999999,16.0,3841.0,1329.1
1691525642.7695599,12.2794,-88.19,-13.31,19.14,147.05,5.88,,-88.09,-10.77,16.67,16.13,11.860999999999999,23.11,3855.67,1329.1
1691525642.7795599,29.7734,-87.63,-13.31,20.5,158.7,6.67,,-88.09,-10.77,16.67,16.8,11.860999999999999,26.67,4631.33,1329.1
1691525642.7895598,17.3889,-87.63,-13.31,20.5,158.7,6.67,,-88.09,-10.77,16.67,16.71,11.860999999999999,24.0,4309.2,2217.25
1691525642.7995598,160.0,-86.06,-12.31,20.5,158.7,6.67,,-88.09,-10.77,16.67,16.71,11.860999999999999,16.0,2433.0,1915.666666666667
1691525642.8095598,9.7202,-84.88,-12.06,20.5,158.7,6.67,,-88.09,-10.77,16.67,16.5,11.860999999999999,16.0,3457.0,432.0
1691525642.8195598,81.563,-84.88,-12.06,20.67,103.14,0.0,,-88.09,-10.77,16.67,14.0,11.860999999999999,24.0,2401.5,432.0
1691525642.8295598,1.0215,-84.88,-12.06,20.67,103.14,0.0,,-88.09,-10.77,16.67,14.0,11.860999999999999,24.0,2401.5,432.0
1691525642.8395598,21.0004,-84.88,-12.06,20.36,146.06,2.0,,-88.09,-10.77,16.67,16.0,11.860999999999999,16.0,1217.0,432.0
1691525642.8495598,96.8552,-84.88,-12.06,20.36,146.06,2.0,,-88.09,-10.77,16.67,16.0,11.860999999999999,16.0,1217.0,432.0
1691525642.8595598,67.3953,-84.88,-12.06,20.36,146.06,2.0,,-88.09,-10.77,16.67,16.0,11.860999999999999,16.0,1217.0,432.0
1691525642.8695598,101.0864,-84.88,-12.06,17.71,131.29,0.0,,-88.09,-10.77,16.67,18.0,11.860999999999999,20.57,4079.57,432.0
1691525642.8795598,1.0219,-84.5,-13.19,17.71,131.29,0.0,,-88.09,-10.77,16.67,17.86,11.860999999999999,18.0,3813.63,1902.0
1691525642.8895595,40.9456,-84.5,-13.19,14.5,104.0,13.16,,-88.09,-10.77,16.67,17.86,11.860999999999999,18.0,3813.63,1628.0
1691525642.8995595,134.3302,-87.19,-11.75,14.5,104.0,13.16,,-88.09,-10.77,16.67,20.0,11.860999999999999,16.0,4227.0,1654.0
1691525642.9095595,33.6943,-87.56,-5.69,20.67,118.5,6.52,,-88.09,-10.77,33.33,20.0,4.414,32.0,4227.0,2961.0
1691525642.91956,126.781,-87.56,-5.69,20.67,118.5,6.52,,-88.09,-10.77,33.33,20.0,4.414,32.0,4227.0,2581.5714285714284
1691525642.92956,0.0,-87.56,-5.69,19.67,150.08,14.89,,-88.09,-10.77,33.33,20.0,4.414,32.0,4227.0,2403.714285714286
1691525642.93956,71.7589,-87.56,-5.69,19.67,150.08,14.89,,-88.09,-10.77,33.33,20.0,4.414,32.0,4227.0,2596.428571428572
1691525642.94956,14.3575,-87.31,-16.25,19.67,150.08,14.89,,-88.09,-10.77,33.33,20.0,4.414,32.0,4227.0,646.7142857142858
1691525642.95956,114.4362,-86.19,-11.19,12.5,144.7,2.33,34.641999999999996,-88.98,-10.61,32.65,19.0,11.412,16.0,3393.5,2242.45390070922
1691525642.96956,11.7972,-86.19,-11.19,12.5,144.7,2.33,34.641999999999996,-88.98,-10.61,32.65,19.0,11.412,16.0,3393.5,2242.45390070922
1691525642.97956,0.0,-86.19,-11.19,12.5,144.7,2.33,34.641999999999996,-88.98,-10.61,32.65,19.0,11.412,16.0,3393.5,2242.45390070922
1691525642.98956,0.0,-86.56,-6.81,12.5,144.7,2.33,34.641999999999996,-88.98,-10.61,32.65,18.5,11.412,19.56,3692.22,2242.45390070922
1691525642.9995599,0.0,-86.56,-6.81,12.5,144.7,2.33,34.641999999999996,-88.98,-10.61,32.65,18.5,11.412,19.56,3692.22,2242.45390070922
1691525643.0095599,0.0,-87.19,-14.25,20.17,159.83,0.0,34.641999999999996,-88.98,-10.61,32.65,18.5,11.412,19.56,3692.22,2242.45390070922
1691525643.0195599,350.2781,-87.19,-14.25,20.17,159.83,0.0,34.641999999999996,-88.98,-10.61,32.65,18.0,11.412,16.0,3841.0,2222.7916666666665
1691525643.0295599,0.0,-84.22,-11.25,18.17,135.47,0.0,34.641999999999996,-88.98,-10.61,32.65,14.0,11.412,16.0,2880.0,2222.7916666666665
1691525643.0395598,0.0,-83.69,-11.75,18.17,135.47,0.0,34.641999999999996,-88.98,-10.61,32.65,19.0,11.412,21.33,3648.67,2222.7916666666665
1691525643.0495598,1.0245,-83.75,-13.25,18.17,135.47,0.0,34.641999999999996,-88.98,-10.61,32.65,19.0,11.412,21.33,3648.67,2222.7916666666665
1691525643.0595598,44.0276,-83.75,-13.25,16.57,117.75,6.67,34.641999999999996,-88.98,-10.61,32.65,16.77,11.412,22.15,4053.31,7.0
1691525643.0695598,180.1985,-83.88,-15.75,21.0,150.95,4.0,34.641999999999996,-88.98,-10.61,32.65,17.0,11.412,36.0,5244.67,7.0
1691525643.0795598,41.2903,-83.88,-15.75,22.2,148.07,17.78,34.641999999999996,-88.98,-10.61,32.65,17.0,11.412,36.0,5244.67,7.0
1691525643.0895598,119.5351,-83.31,-14.25,22.2,148.07,17.78,34.641999999999996,-88.98,-10.61,32.65,14.4,11.412,45.33,8505.5,7.0
1691525643.0995598,1.0252,-83.31,-14.25,20.25,92.65,29.79,34.641999999999996,-88.98,-10.61,32.65,14.4,11.412,45.33,8505.5,7.0
1691525643.1095598,1.0234,-83.5,-6.88,21.25,113.36,20.93,34.641999999999996,-88.98,-10.61,6.98,14.75,13.677,24.0,3585.0,7.0
1691525643.1195598,9.7485,-83.5,-6.88,21.25,113.36,20.93,34.641999999999996,-88.98,-10.61,6.98,14.75,13.677,24.0,3585.0,1034.857142857143
1691525643.1295598,64.9007,-83.25,-12.38,20.83,108.86,0.0,34.641999999999996,-88.98,-10.61,6.98,15.0,13.677,16.0,3072.0,1431.0
1691525643.1395595,0.0,-83.38,-13.88,20.83,108.86,0.0,34.641999999999996,-88.98,-10.61,6.98,16.0,13.677,16.0,3329.0,608.3333333333334
1691525643.1495595,0.0,-84.31,-14.69,20.83,108.86,0.0,34.641999999999996,-88.98,-10.61,6.98,16.0,13.677,16.0,3329.0,669.0
1691525643.1595595,0.0,-84.31,-14.69,17.33,134.8,14.58,34.641999999999996,-88.98,-10.61,6.98,15.6,13.677,16.0,3226.2,2707.6
1691525643.16956,0.0,-84.31,-14.69,17.33,134.8,14.58,34.641999999999996,-88.98,-10.61,6.98,15.83,13.677,21.33,3703.0,2147.0
1691525643.17956,1.0231,-84.13,-8.63,22.0,148.1,10.2,34.641999999999996,-88.98,-10.61,6.98,16.33,13.677,52.0,10067.75,2147.0
1691525643.18956,3.5747,-84.13,-8.63,20.5,87.5,3.23,34.641999999999996,-88.98,-10.61,6.98,11.0,13.677,48.0,6528.0,2147.0
1691525643.19956,0.0,-84.13,-8.63,20.5,87.5,3.23,34.641999999999996,-88.98,-10.61,6.98,16.0,13.677,16.0,3329.0,2147.0
1691525643.20956,0.0,-84.13,-8.63,20.5,87.5,3.23,34.641999999999996,-88.98,-10.61,18.18,16.0,16.128,24.0,3329.0,2147.0
1691525643.21956,392.1462,-89.38,-12.31,20.5,87.5,3.23,34.641999999999996,-88.98,-10.61,18.18,14.67,16.128,24.0,2880.5,2147.0
1691525643.22956,1.0218,-89.38,-12.31,20.5,87.5,3.23,34.641999999999996,-88.98,-10.61,18.18,14.67,16.128,24.0,2880.5,1105.142857142857
1691525643.23956,2.0455,-89.63,-15.06,18.5,134.87,10.26,34.641999999999996,-88.98,-10.61,18.18,6.0,16.128,24.0,2368.5,1234.1666666666667
1691525643.2495599,0.0,-89.63,-15.06,18.5,134.87,10.26,34.641999999999996,-88.98,-10.61,18.18,15.18,16.128,23.38,4004.46,533.0
1691525643.2595599,0.0,-89.63,-15.06,18.5,134.87,10.26,34.641999999999996,-88.98,-10.61,18.18,15.0,16.128,32.0,4738.0,107.0
1691525643.2695599,0.0,-89.63,-15.06,18.5,134.87,10.26,34.641999999999996,-88.98,-10.61,18.18,15.0,16.128,32.0,4738.0,7.0
1691525643.2795599,0.0,-89.63,-15.06,18.5,134.87,10.26,34.641999999999996,-88.98,-10.61,18.18,14.0,16.128,16.0,2880.0,7.0
1691525643.2895598,7.69,-90.5,-13.06,18.5,134.87,10.26,34.641999999999996,-88.98,-10.61,18.18,14.0,16.128,16.0,2880.0,7.0
1691525643.2995598,4.6039,-90.5,-13.06,18.5,134.87,10.26,34.641999999999996,-88.98,-10.61,18.18,14.0,16.128,16.0,2880.0,7.0
1691525643.3095598,0.0,-91.31,-15.75,18.43,131.47,22.92,34.641999999999996,-88.98,-10.61,5.0,13.0,7.374,16.0,2625.0,7.0
1691525643.3195598,5.6376,-91.31,-15.75,18.43,131.47,22.92,34.641999999999996,-88.98,-10.61,5.0,13.0,7.374,16.0,2625.0,7.0
1691525643.3295598,39.4201,-89.69,-11.69,17.67,131.1,6.82,34.641999999999996,-88.98,-10.61,5.0,13.0,7.374,16.0,2625.0,7.0
1691525643.3395598,0.0,-89.69,-11.69,18.83,114.47,4.35,34.641999999999996,-88.98,-10.61,5.0,13.0,7.374,16.0,2625.0,7.0
1691525643.3495598,85.8614,-89.19,-15.69,17.43,149.46,10.0,34.641999999999996,-88.98,-10.61,5.0,13.0,7.374,16.0,2625.0,7.0
1691525643.3595598,88.3024,-90.06,-10.5,17.43,149.46,10.0,34.641999999999996,-88.98,-10.61,5.0,13.0,7.374,16.0,2625.0,7.0
1691525643.3695598,70.123,-90.06,-10.5,17.43,149.46,10.0,34.641999999999996,-88.98,-10.61,5.0,10.43,7.374,29.71,2918.14,7.0
1691525643.3795598,71.7159,-90.06,-10.5,16.0,151.55,17.78,34.641999999999996,-88.98,-10.61,5.0,12.83,7.374,26.67,3511.0,1977.333333333333
1691525643.3895595,114.6536,-87.44,-16.31,16.0,151.55,17.78,34.641999999999996,-88.98,-10.61,5.0,13.25,7.374,16.0,2688.75,1764.0
1691525643.3995595,109.9261,-87.44,-16.31,16.0,151.55,17.78,34.641999999999996,-88.98,-10.61,5.0,13.83,7.374,26.67,3808.0,2392.1666666666665
1691525643.4095595,15.3754,-86.56,-12.44,16.0,151.55,17.78,34.641999999999996,-88.98,-10.61,12.2,14.0,23.43,22.4,3456.6,600.5185185185185
1691525643.41956,49.7436,-86.56,-12.44,17.8,135.17,11.9,34.641999999999996,-88.98,-10.61,12.2,14.0,23.43,32.0,5763.0,600.5185185185185
1691525643.42956,131.8982,-87.31,-5.0,17.8,135.17,11.9,34.641999999999996,-90.98,-10.7,12.2,14.0,23.43,16.0,2880.0,600.5185185185185
1691525643.43956,55.7411,-87.31,-5.0,17.8,135.17,11.9,34.641999999999996,-90.98,-10.7,12.2,14.0,23.43,16.0,2880.0,600.5185185185185
1691525643.44956,46.6713,-87.31,-5.0,17.8,135.17,11.9,34.641999999999996,-90.98,-10.7,12.2,14.0,23.43,16.0,2880.0,600.5185185185185
1691525643.45956,10.7552,-87.31,-5.0,17.8,135.17,11.9,34.641999999999996,-90.98,-10.7,12.2,14.0,23.43,16.0,2880.0,600.5185185185185
1691525643.46956,157.7118,-87.31,-5.0,14.0,109.57,16.33,34.641999999999996,-90.98,-10.7,12.2,14.8,23.43,28.8,4315.2,600.5185185185185
1691525643.47956,0.0,-89.75,-11.13,14.0,109.57,16.33,34.641999999999996,-90.98,-10.7,12.2,14.83,23.43,26.67,4108.0,600.5185185185185
1691525643.48956,58.4733,-89.75,-11.13,19.0,132.67,2.5,34.641999999999996,-90.98,-10.7,12.2,14.27,23.43,29.33,4438.5,600.5185185185185
1691525643.4995599,90.791,-90.81,-12.94,13.33,85.21,4.35,34.641999999999996,-90.98,-10.7,12.2,14.27,23.43,29.33,4438.5,600.5185185185185
1691525643.5095599,124.6653,-90.81,-12.06,13.33,85.21,4.35,34.641999999999996,-90.98,-10.7,0.0,14.27,1.075,29.33,4438.5,600.5185185185185
1691525643.5195599,90.8544,-91.25,-12.31,13.33,85.21,4.35,34.641999999999996,-90.98,-10.7,0.0,14.27,1.075,29.33,4438.5,600.5185185185185
1691525643.5295599,15.3846,-92.25,-15.81,13.33,85.21,4.35,34.641999999999996,-90.98,-10.7,0.0,15.5,1.075,16.0,3200.5,600.5185185185185
1691525643.5395598,134.8043,-92.56,-11.56,13.33,85.21,4.35,34.641999999999996,-90.98,-10.7,0.0,15.5,1.075,16.0,3200.5,600.5185185185185
1691525643.5495598,35.3421,-92.44,-11.13,6.18,34.49,2.5,34.641999999999996,-90.98,-10.7,0.0,15.0,1.075,16.0,3072.0,7.0
1691525643.5595598,71.033,-93.13,-12.44,6.18,34.49,2.5,34.641999999999996,-90.98,-10.7,0.0,15.0,1.075,16.0,3072.0,551.75
1691525643.5695598,71.7374,-93.69,-11.94,6.18,34.49,2.5,34.641999999999996,-90.98,-10.7,0.0,15.0,1.075,16.0,3072.0,551.75
1691525643.5795598,127.8973,-93.94,-12.31,6.18,34.49,2.5,34.641999999999996,-92.12,-10.75,0.0,15.0,1.075,16.0,3072.0,551.75
1691525643.5895598,34.2526,-91.19,-11.63,6.18,34.49,2.5,34.641999999999996,-92.12,-10.75,0.0,16.0,1.075,16.0,3329.0,7.0
1691525643.5995598,100.3721,-89.69,-13.88,9.6,32.43,0.0,34.641999999999996,-92.12,-10.75,0.0,16.0,1.075,16.0,3329.0,7.0
1691525643.6095598,124.3663,-89.69,-13.88,9.6,32.43,0.0,34.641999999999996,-92.12,-10.75,16.87,16.0,28.543000000000003,16.0,3329.0,7.0
1691525643.6195598,48.0607,-89.69,-13.88,11.38,18.41,6.38,34.641999999999996,-92.12,-10.75,16.87,16.0,28.543000000000003,16.0,3329.0,649.3333333333334
1691525643.6295598,175.2793,-89.69,-8.44,11.38,18.41,6.38,34.641999999999996,-92.12,-10.75,16.87,16.0,28.543000000000003,16.0,3329.0,201.5
1691525643.6395595,65.0305,-91.25,-11.5,15.4,25.5,6.98,85.389,-91.14,-10.65,19.64,15.89,31.838,22.4,3886.6,220.2
1691525643.6495595,42.0681,-91.25,-11.5,15.4,25.5,6.98,85.389,-91.14,-10.65,19.64,15.89,31.838,22.4,3886.6,299.2857142857143
1691525643.6595595,60.422,-91.25,-11.5,15.4,25.5,6.98,85.389,-91.14,-10.65,19.64,15.67,31.838,56.0,10408.25,204.2
1691525643.66956,105.209,-91.25,-11.5,15.4,25.5,6.98,85.389,-91.14,-10.65,19.64,13.8,31.838,50.67,9265.0,1567.428571428571
1691525643.67956,37.3461,-89.81,-16.0,15.83,66.98,14.58,85.389,-91.14,-10.65,19.64,14.55,31.838,24.0,3658.57,997.2857142857144
1691525643.68956,114.98700000000001,-87.69,-12.81,17.5,115.14,13.46,85.389,-91.14,-10.65,19.64,15.83,31.838,22.86,3942.71,1430.833333333333
1691525643.69956,85.9387,-85.88,-11.19,17.5,115.14,13.46,85.389,-91.14,-10.65,19.64,15.8,31.838,21.33,3521.67,134.6
1691525643.70956,183.8999,-85.88,-11.19,13.6,62.54,5.41,85.389,-91.14,-10.65,19.64,17.0,31.838,16.0,2753.0,1463.333333333333
1691525643.71956,89.0257,-85.88,-11.19,13.6,62.54,5.41,85.389,-91.14,-10.65,19.64,17.0,31.838,16.0,2753.0,1463.333333333333
1691525643.72956,0.0,-85.88,-11.19,18.43,133.29,3.85,85.389,-91.14,-10.65,19.64,16.6,31.838,19.2,4200.0,1463.333333333333
1691525643.73956,1.0249,-85.63,-10.56,17.0,136.23,0.0,85.389,-91.14,-10.65,19.64,16.71,31.838,48.1,5404.5,1463.333333333333
1691525643.7495599,322.0447,-85.63,-10.56,18.6,134.0,6.52,85.389,-91.14,-10.65,19.64,14.0,31.838,22.4,3738.4,1463.333333333333
1691525643.7595599,127.7307,-85.63,-10.56,18.6,134.0,6.52,85.389,-91.14,-10.65,19.64,15.8,31.838,22.86,3558.14,1463.333333333333
1691525643.7695599,31.2601,-87.38,-9.44,18.6,134.0,6.52,85.389,-91.14,-10.65,19.64,15.78,31.838,22.1,3811.48,121.0
1691525643.7795599,191.7373,-87.38,-9.44,18.6,134.0,6.52,85.389,-91.14,-10.65,19.64,16.29,31.838,22.0,4049.75,1943.0
1691525643.7895598,95.3911,-87.38,-9.44,16.43,132.42,8.89,85.389,-91.14,-10.65,19.64,16.29,31.838,16.0,2433.0,2251.0
1691525643.7995598,19.982,-87.38,-9.44,16.43,132.42,8.89,85.389,-91.14,-10.65,19.64,15.75,31.838,19.2,3502.4,2292.0
1691525643.8095598,178.5689,-87.38,-9.44,17.25,134.57,14.0,85.389,-91.14,-10.65,12.77,15.83,30.543000000000003,24.0,4258.33,1523.0
1691525643.8195598,10.7423,-87.38,-9.44,17.25,134.57,14.0,85.389,-91.14,-10.65,12.77,16.0,30.543000000000003,32.0,6494.4,2194.5625
1691525643.8295598,174.1671,-82.5,-10.5,17.25,134.57,14.0,85.389,-91.14,-10.65,12.77,16.0,30.543000000000003,32.0,6494.4,2194.5625
1691525643.8395598,122.5028,-82.5,-10.5,18.0,128.75,4.44,85.389,-91.14,-10.65,12.77,16.0,30.543000000000003,32.0,6494.4,2194.5625
1691525643.8495598,118.6416,-82.63,-14.38,18.0,128.75,4.44,85.389,-91.14,-10.65,12.77,16.5,30.543000000000003,20.27,3751.8,2194.5625
1691525643.8595598,136.3829,-82.63,-14.38,18.0,128.75,4.44,85.389,-91.14,-10.65,12.77,17.0,30.543000000000003,24.0,4428.67,2194.5625
1691525643.8695598,159.4888,-82.31,-8.5,18.0,128.75,4.44,85.389,-91.14,-10.65,12.77,17.44,30.543000000000003,20.8,3738.9,2194.5625
1691525643.8795598,14.3446,-82.31,-8.5,18.0,128.75,4.44,85.389,-91.14,-10.65,12.77,17.4,30.543000000000003,19.2,4456.2,2194.5625
1691525643.8895595,68.0212,-80.31,-16.06,16.73,122.0,0.0,85.389,-91.14,-10.65,12.77,17.8,30.543000000000003,41.14,8472.14,2194.5625
1691525643.8995595,11.2934,-80.31,-16.06,16.73,122.0,0.0,85.389,-91.14,-10.65,12.77,15.0,30.543000000000003,22.4,4059.4,2194.5625
1691525643.9095595,26.6027,-79.13,-12.38,16.73,122.0,0.0,85.389,-91.14,-10.65,24.04,17.83,31.386999999999997,21.33,4279.0,2194.5625
1691525643.91956,0.0,-79.13,-12.38,18.4,130.94,0.0,85.389,-91.14,-10.65,24.04,17.83,31.386999999999997,21.33,4279.0,2194.5625
1691525643.92956,1.0246,-79.13,-12.38,19.0,110.29,0.0,85.389,-91.14,-10.65,24.04,17.8,31.386999999999997,21.33,4476.67,2194.5625
1691525643.93956,621.9412,-81.69,-10.94,19.0,110.29,0.0,85.389,-91.14,-10.65,24.04,18.83,31.386999999999997,24.0,5165.17,2194.5625
1691525643.94956,27.5378,-81.69,-10.94,18.17,105.17,13.64,85.389,-91.14,-10.65,24.04,18.83,31.386999999999997,24.0,5165.17,2194.5625
1691525643.95956,0.0,-81.69,-10.94,18.17,105.17,13.64,85.389,-91.14,-10.65,24.04,14.33,31.386999999999997,25.6,4226.4,2194.5625
1691525643.96956,0.0,-81.69,-10.94,16.5,133.17,0.0,85.389,-91.14,-10.65,24.04,14.33,31.386999999999997,25.6,4226.4,1351.0
1691525643.97956,0.0,-81.69,-10.94,16.67,146.55,0.0,85.389,-91.14,-10.65,24.04,20.75,31.386999999999997,20.0,4032.0,2006.625
1691525643.98956,0.0,-81.69,-10.94,16.67,146.55,0.0,85.389,-91.14,-10.65,24.04,17.0,31.386999999999997,24.0,4534.5,2022.625
1691525643.9995599,32.2045,-87.31,-10.06,16.67,146.55,0.0,85.389,-91.14,-10.65,24.04,17.0,31.386999999999997,41.14,8444.0,1877.333333333333
1691525644.0095599,102.48200000000001,-87.31,-10.06,16.67,146.55,0.0,85.389,-91.14,-10.65,14.29,17.83,44.882,21.33,4279.0,7.0
1691525644.0195599,128.3195,-87.31,-10.06,16.67,146.55,0.0,85.389,-91.14,-10.65,14.29,17.83,44.882,21.33,4279.0,7.0
1691525644.0295599,474.35900000000004,-86.5,-15.88,17.0,142.59,4.35,85.389,-91.14,-10.65,14.29,17.8,44.882,22.86,4042.71,2252.4
1691525644.0395598,0.0,-85.13,-13.44,17.0,142.59,4.35,85.389,-91.14,-10.65,14.29,17.83,44.882,24.0,4919.67,1637.0
1691525644.0495598,90.3922,-85.13,-13.44,16.4,145.76,4.44,85.389,-91.14,-10.65,14.29,17.83,44.882,24.0,4919.67,1855.166666666667
1691525644.0595598,105.641,-85.13,-13.44,14.0,105.57,4.26,85.389,-91.14,-10.65,14.29,18.4,44.882,21.33,4204.67,1626.333333333333
1691525644.0695598,160.3031,-85.13,-13.44,16.33,136.0,0.0,85.389,-91.14,-10.65,14.29,19.0,44.882,21.33,4524.83,1870.375
1691525644.0795598,146.5053,-84.25,-10.81,16.33,136.0,0.0,85.389,-91.14,-10.65,14.29,18.86,44.882,20.57,4426.86,1870.375
1691525644.0895598,127.9616,-87.13,-12.25,16.33,136.0,0.0,85.389,-91.14,-10.65,14.29,16.8,44.882,26.67,4631.33,1870.375
1691525644.0995598,168.0873,-87.13,-12.25,16.33,136.0,0.0,85.389,-91.14,-10.65,14.29,16.8,44.882,26.67,4631.33,1870.375
1691525644.1095598,213.8877,-86.94,-12.56,16.33,136.0,0.0,85.389,-91.14,-10.65,10.24,17.29,33.379,22.0,4353.88,1861.375
1691525644.1195598,69.1062,-86.94,-12.56,16.2,111.1,13.73,85.389,-91.14,-10.65,10.24,17.29,33.379,22.0,4353.88,2671.333333333333
1691525644.1295598,109.3951,-86.94,-12.56,16.2,111.1,13.73,85.389,-91.14,-10.65,10.24,18.4,33.379,19.2,4712.2,2223.25
1691525644.1395595,16.322,-86.94,-12.56,17.17,149.83,2.08,85.389,-91.14,-10.65,10.24,18.4,33.379,19.2,4712.2,1594.875
1691525644.1495595,178.4437,-81.13,-14.38,17.17,149.83,2.08,85.389,-91.14,-10.65,10.24,19.0,33.379,53.33,13018.33,1594.875
1691525644.1595595,138.1701,-81.13,-14.38,16.83,127.38,8.16,85.389,-91.14,-10.65,10.24,16.86,33.379,22.86,4143.43,1427.0
1691525644.16956,18.893,-81.13,-14.38,17.33,142.9,11.11,85.389,-91.14,-10.65,10.24,20.0,33.379,20.0,3906.75,1427.0
1691525644.17956,391.04699999999997,-80.06,-12.94,17.33,145.24,4.0,85.389,-91.14,-10.65,10.24,20.0,33.379,16.0,3586.5,876.7142857142858
1691525644.18956,82.5476,-80.06,-12.94,17.38,153.38,0.0,85.389,-91.14,-10.65,10.24,19.5,33.379,21.33,3916.83,2966.666666666666
1691525644.19956,2.5469999999999997,-82.44,-11.44,17.38,153.38,0.0,85.389,-91.14,-10.65,10.24,20.0,33.379,21.33,3736.0,2511.6666666666665
1691525644.20956,1.0152,-85.69,-9.38,17.38,153.38,0.0,85.389,-91.14,-10.65,10.84,18.75,31.173000000000002,16.0,3369.0,2651.2
1691525644.21956,121.3491,-85.69,-9.38,17.33,154.53,19.15,85.389,-91.14,-10.65,10.84,18.75,31.173000000000002,16.0,3369.0,2417.6
1691525644.22956,226.07,-88.25,-9.0,17.33,154.53,19.15,85.389,-91.14,-10.65,10.84,19.0,31.173000000000002,16.0,4033.0,2398.5
1691525644.23956,116.8646,-88.25,-9.0,18.5,137.93,30.43,85.389,-91.14,-10.65,10.84,19.0,31.173000000000002,16.0,4033.0,2398.5
1691525644.2495599,35.3598,-90.25,-8.75,17.33,148.83,9.09,85.389,-91.14,-10.65,10.84,19.14,31.173000000000002,20.0,4290.0,2398.5
1691525644.2595599,156.0352,-90.25,-8.75,16.8,144.43,10.64,85.389,-91.14,-10.65,10.84,19.29,31.173000000000002,18.29,3933.14,2196.714285714286
1691525644.2695599,101.2848,-90.25,-8.75,16.8,144.43,10.64,85.389,-91.14,-10.65,10.84,19.2,31.173000000000002,22.4,4661.6,1881.7142857142856
1691525644.2795599,129.4195,-90.25,-8.75,17.33,152.83,8.89,85.389,-91.14,-10.65,10.84,19.2,31.173000000000002,16.0,4071.8,2451.125
1691525644.2895598,1.5391,-92.31,-13.38,17.33,152.83,8.89,85.389,-91.14,-10.65,10.84,19.2,31.173000000000002,16.0,4071.8,7.0
1691525644.2995598,112.2065,-90.69,-12.38,17.33,152.83,8.89,85.389,-91.14,-10.65,10.84,20.0,31.173000000000002,16.0,4227.0,2481.0
1691525644.3095598,206.6001,-90.56,-15.25,17.33,152.83,8.89,85.389,-91.14,-10.65,16.81,20.0,35.368,16.0,4227.0,2481.0
1691525644.3195598,273.8652,-90.56,-15.25,17.33,152.83,8.89,85.389,-91.14,-10.65,16.81,15.75,35.368,24.0,5233.5,1571.125
1691525644.3295598,1.5385,-90.56,-15.25,13.83,136.89,0.0,85.389,-91.14,-10.65,16.81,15.75,35.368,24.0,5233.5,2303.333333333333
1691525644.3395598,351.7284,-81.63,-16.25,17.5,164.4,0.0,85.389,-91.14,-10.65,16.81,11.0,35.368,48.0,6339.4,2169.25
1691525644.3495598,11.7972,-81.63,-16.25,17.5,164.4,0.0,85.389,-91.14,-10.65,16.81,11.0,35.368,34.29,5071.5,1981.6
1691525644.3595598,7.6426,-81.63,-16.25,17.33,157.0,8.33,85.389,-91.14,-10.65,16.81,14.8,35.368,28.8,4315.2,1981.6
1691525644.3695598,63.3052,-81.63,-16.25,17.33,157.0,8.33,85.389,-91.14,-10.65,16.81,14.86,35.368,20.57,3365.14,1981.6
1691525644.3795598,145.3208,-78.0,-12.63,18.0,148.6,2.27,85.389,-91.14,-10.65,16.81,15.5,35.368,40.0,8282.67,1981.6
1691525644.3895595,210.607,-78.0,-12.63,18.0,148.6,2.27,85.389,-91.14,-10.65,16.81,12.57,35.368,27.43,3274.0,1981.6
1691525644.3995595,45.6456,-80.88,-11.13,18.0,148.6,2.27,85.389,-91.14,-10.65,16.81,16.0,35.368,20.0,3641.5,1981.6
1691525644.4095595,0.0,-80.88,-11.13,18.78,158.18,6.52,85.389,-91.14,-10.65,16.22,17.0,38.985,18.29,3447.86,1981.6
1691525644.41956,0.0,-82.06,-14.13,18.78,158.18,6.52,85.389,-91.14,-10.65,16.22,15.43,38.985,18.29,4289.29,1981.6
1691525644.42956,436.0172,-82.06,-14.13,18.78,158.18,6.52,85.389,-91.14,-10.65,16.22,13.0,38.985,38.86,5305.86,1981.6
1691525644.43956,15.3034,-82.06,-14.13,16.67,167.83,0.0,85.389,-91.14,-10.65,16.22,13.0,38.985,38.86,5305.86,1981.6
1691525644.44956,40.9805,-82.06,-14.13,16.67,167.83,0.0,85.389,-91.14,-10.65,16.22,16.5,38.985,34.67,5761.67,1981.6
1691525644.45956,374.5342,-82.06,-14.13,18.09,160.48,25.29,85.389,-91.14,-10.65,16.22,16.5,38.985,34.67,5761.67,1981.6
1691525644.46956,1.025,-82.06,-14.13,18.09,160.48,25.29,85.389,-91.14,-10.65,16.22,14.2,38.985,22.4,3789.8,1981.6
1691525644.47956,61.4216,-82.06,-14.13,18.67,150.33,13.95,85.389,-91.14,-10.65,16.22,13.58,38.985,34.13,4472.93,1981.6
1691525644.48956,172.1008,-82.06,-14.13,18.67,150.33,13.95,85.389,-91.14,-10.65,16.22,9.83,38.985,21.33,3585.17,1981.6
1691525644.4995599,77.6609,-82.81,-15.25,18.67,150.33,13.95,85.389,-91.14,-10.65,16.22,9.83,38.985,21.33,3585.17,2508.6666666666665
1691525644.5095599,206.03,-82.81,-15.25,18.2,161.73,17.78,85.389,-91.14,-10.65,4.4,9.71,37.285,28.0,3729.5,2496.375
1691525644.5195599,61.92100000000001,-83.56,-13.31,17.6,136.05,9.52,85.389,-91.14,-10.65,4.4,14.0,37.285,24.0,2913.0,7.0
1691525644.5295599,134.0904,-83.56,-13.31,17.6,136.05,9.52,85.389,-91.14,-10.65,4.4,13.6,37.285,16.0,2778.0,2025.7142857142856
1691525644.5395598,89.204,-83.56,-13.31,18.0,144.75,8.16,85.389,-91.14,-10.65,4.4,13.83,37.285,26.67,3808.0,2518.4
1691525644.5495598,128.0897,-83.56,-13.31,18.0,144.75,8.16,85.389,-91.14,-10.65,4.4,14.0,37.285,41.6,7428.4,2828.0
1691525644.5595598,170.3427,-84.25,-14.94,18.14,167.26,6.67,85.389,-91.14,-10.65,4.4,14.0,37.285,48.0,5793.0,984.5
1691525644.5695598,53.7654,-84.25,-14.94,18.14,167.26,6.67,85.389,-84.16,-10.45,4.4,14.83,37.285,21.33,3414.0,2531.75
1691525644.5795598,101.3963,-83.25,-12.94,18.83,155.17,5.56,85.389,-84.16,-10.45,4.4,15.31,37.285,20.92,3521.08,2356.6666666666665
1691525644.5895598,0.0,-85.56,-10.0,17.8,162.33,2.94,85.389,-84.16,-10.45,4.4,15.31,37.285,20.92,3521.08,3043.6
1691525644.5995598,0.0,-85.56,-10.0,18.5,149.17,0.0,85.389,-84.16,-10.45,4.4,15.0,37.285,23.38,4147.15,3043.6
1691525644.6095598,0.0,-85.56,-12.19,18.5,149.17,0.0,85.389,-84.16,-10.45,13.59,12.78,38.65,35.2,6686.0,3043.6
1691525644.6195598,334.2144,-85.56,-12.19,13.5,127.21,4.17,85.389,-84.16,-10.45,13.59,9.25,38.65,51.2,9133.2,3043.6
1691525644.6295598,297.9487,-85.56,-12.19,18.6,158.6,2.17,85.389,-84.16,-10.45,13.59,12.83,38.65,24.0,4493.17,3043.6
1691525644.6395595,98.4615,-86.75,-12.19,18.0,136.17,0.0,85.389,-84.16,-10.45,13.59,12.8,38.65,24.0,4290.33,3043.6
1691525644.6495595,135.8294,-86.75,-12.19,17.33,159.0,2.13,85.389,-84.16,-10.45,13.59,13.6,38.65,25.14,4491.29,3043.6
1691525644.6595595,168.7179,-85.94,-13.06,17.33,165.83,0.0,85.389,-84.16,-10.45,13.59,13.6,38.65,22.4,4302.4,2379.125
1691525644.66956,36.2288,-85.94,-13.06,16.5,174.0,0.0,85.389,-84.16,-10.45,13.59,15.64,38.65,24.0,3974.75,2357.125
1691525644.67956,106.6987,-88.5,-9.44,16.5,174.0,0.0,85.389,-84.16,-10.45,13.59,15.46,38.65,18.46,3856.0,2534.0
1691525644.68956,0.0,-88.5,-9.44,16.33,171.36,20.41,85.389,-84.16,-10.45,13.59,13.83,38.65,21.33,4268.5,3422.0
1691525644.69956,88.9457,-88.5,-9.44,16.33,171.36,20.41,85.389,-84.16,-10.45,13.59,13.83,38.65,21.33,4268.5,1876.142857142857
1691525644.70956,215.4062,-88.5,-9.44,16.83,160.37,4.65,85.389,-84.16,-10.45,18.42,10.83,41.292,24.0,3436.17,2780.25
1691525644.71956,161.8406,-88.5,-9.44,16.83,160.37,4.65,85.389,-84.16,-10.45,18.42,13.83,41.292,21.33,4268.5,983.1428571428572
1691525644.72956,97.7822,-86.44,-15.06,17.67,162.33,20.45,85.389,-84.16,-10.45,18.42,13.17,41.292,28.0,5290.38,2486.428571428572
1691525644.73956,181.5784,-86.25,-10.5,17.67,162.33,20.45,85.389,-84.16,-10.45,18.42,13.9,41.292,24.0,4317.36,2380.6666666666665
1691525644.7495599,60.4765,-86.25,-10.5,18.0,157.67,15.56,85.389,-84.16,-10.45,18.42,14.25,41.292,22.4,3713.6,2617.0
1691525644.7595599,159.5844,-86.25,-10.5,18.83,159.17,18.75,85.389,-84.16,-10.45,18.42,16.7,41.292,21.82,4301.55,2828.0
1691525644.7695599,49.6193,-93.25,-14.19,15.5,165.17,2.7,85.389,-84.16,-10.45,18.42,17.67,41.292,48.25,10624.5,2862.666666666666
1691525644.7795599,104.56299999999999,-93.25,-14.19,16.0,165.0,0.0,85.389,-84.16,-10.45,18.42,14.25,41.292,28.0,5010.75,2702.285714285714
1691525644.7895598,311.5452,-93.0,-12.75,16.0,165.0,0.0,85.389,-84.16,-10.45,18.42,17.83,41.292,21.33,4279.0,2351.833333333333
1691525644.7995598,102.2875,-92.88,-15.69,14.45,157.08,9.2,85.389,-84.16,-10.45,18.42,17.5,41.292,21.33,3623.0,2351.833333333333
1691525644.8095598,69.4791,-93.0,-14.25,14.45,157.08,9.2,85.389,-84.16,-10.45,15.22,17.0,43.68,16.0,3585.0,2351.833333333333
1691525644.8195598,229.7601,-93.0,-14.25,14.45,157.08,9.2,85.389,-84.16,-10.45,15.22,17.0,43.68,16.0,3585.0,2351.833333333333
1691525644.8295598,170.479,-94.0,-11.5,16.0,165.06,0.0,85.389,-84.16,-10.45,15.22,16.45,43.68,22.86,4212.14,2703.4
1691525644.8395598,0.0,-94.0,-11.5,17.2,171.17,10.64,85.389,-84.16,-10.45,15.22,16.67,43.68,20.57,3695.29,2498.0
1691525644.8495598,0.0,-94.0,-11.5,17.2,171.17,10.64,85.389,-84.16,-10.45,15.22,18.83,43.68,20.57,4244.14,1647.666666666667
1691525644.8595598,0.0,-93.94,-16.63,16.75,173.76,30.43,85.389,-84.16,-10.45,15.22,18.8,43.68,22.4,4584.4,2134.285714285714
1691525644.8695598,334.49300000000005,-93.94,-16.63,16.75,173.76,30.43,85.389,-84.16,-10.45,15.22,16.5,43.68,25.14,5314.43,2161.285714285714
1691525644.8795598,280.9131,-93.94,-16.63,15.25,167.29,16.67,85.389,-84.16,-10.45,15.22,16.5,43.68,21.33,2817.0,1860.0
1691525644.8895595,23.9944,-93.75,-16.19,15.17,159.67,14.0,85.389,-84.16,-10.45,15.22,17.83,43.68,21.33,4279.0,2376.428571428572
1691525644.8995595,0.0,-93.75,-16.19,15.4,155.9,23.81,85.389,-84.16,-10.45,15.22,14.75,43.68,25.6,4687.4,2339.0
1691525644.9095595,0.0,-93.75,-16.19,15.4,155.9,23.81,85.389,-84.16,-10.45,19.2,18.0,45.548,20.57,4061.14,2170.0
1691525644.91956,0.0,-93.75,-16.19,15.4,155.9,23.81,85.389,-84.16,-10.45,19.2,18.6,45.548,21.33,4215.33,2152.333333333333
1691525644.92956,0.0,-93.75,-16.19,15.43,166.0,0.0,85.389,-84.16,-10.45,19.2,18.33,45.548,22.86,5442.71,2075.5
1691525644.93956,17.9649,-93.75,-16.19,15.43,166.0,0.0,85.389,-84.16,-10.45,19.2,19.0,45.548,28.0,6051.0,1485.5
1691525644.94956,335.9473,-91.63,-11.94,15.43,166.0,0.0,85.389,-84.16,-10.45,19.2,18.67,45.548,48.0,10452.25,1485.5
1691525644.95956,561.5088,-91.63,-11.94,17.0,155.8,15.38,85.389,-84.16,-10.45,19.2,19.0,45.548,20.57,4271.86,1485.5
1691525644.96956,90.1571,-91.63,-11.94,17.0,155.8,15.38,85.389,-84.16,-10.45,19.2,19.0,45.548,20.57,4271.86,1485.5
1691525644.97956,210.5162,-91.63,-11.94,17.0,155.8,15.38,85.389,-84.16,-10.45,19.2,19.0,45.548,20.57,4271.86,1485.5
1691525644.98956,24.0809,-91.63,-11.94,15.83,142.36,6.82,85.389,-84.16,-10.45,19.2,18.83,45.548,22.86,4820.71,1485.5
1691525644.9995599,0.0,-92.88,-13.31,15.83,142.36,6.82,85.389,-84.16,-10.45,19.2,18.2,45.548,28.8,5288.3,1485.5
1691525645.0095599,108.1077,-92.88,-13.31,15.83,142.36,6.82,83.67399999999999,-84.16,-10.45,14.69,18.0,45.207,16.0,3841.0,1485.5
1691525645.0195599,126.2368,-92.44,-20.0,15.83,142.36,6.82,83.67399999999999,-84.16,-10.45,14.69,18.0,45.207,58.67,14176.33,1485.5
1691525645.0295599,188.4348,-92.44,-20.0,17.0,161.17,14.58,83.67399999999999,-84.16,-10.45,14.69,15.2,45.207,48.0,9073.33,1485.5
1691525645.0395598,139.0301,-92.44,-20.0,17.5,149.33,2.5,83.67399999999999,-89.96,-10.59,14.69,17.82,45.207,21.33,4177.67,1485.5
1691525645.0495598,97.8899,-92.44,-20.0,17.33,158.83,7.32,83.67399999999999,-89.96,-10.59,14.69,18.83,45.207,21.33,4492.5,1485.5
1691525645.0595598,164.1714,-92.44,-20.0,15.2,157.33,2.22,83.67399999999999,-89.96,-10.59,14.69,18.75,45.207,24.0,4877.33,1485.5
1691525645.0695598,138.0054,-92.44,-20.0,15.2,157.33,2.22,83.67399999999999,-89.96,-10.59,14.69,18.83,45.207,25.14,5031.14,1485.5
1691525645.0795598,139.0719,-89.94,-15.69,14.14,167.8,0.0,83.67399999999999,-89.96,-10.59,14.69,17.43,45.207,35.2,6788.4,1485.5
1691525645.0895598,146.4906,-89.94,-15.69,14.83,159.23,8.89,83.67399999999999,-89.96,-10.59,14.69,15.5,45.207,21.33,4023.0,1485.5
1691525645.0995598,1.0238,-89.94,-15.69,14.83,170.67,4.26,83.67399999999999,-89.96,-10.59,14.69,17.8,45.207,22.4,4366.6,1485.5
1691525645.1095598,127.9616,-87.81,-12.88,14.83,170.67,4.26,83.67399999999999,-89.96,-10.59,19.08,17.8,45.797,22.4,4366.6,1485.5
1691525645.1195598,77.8629,-87.81,-12.88,14.5,169.5,0.0,83.67399999999999,-89.96,-10.59,19.08,17.43,45.797,22.0,4394.0,1485.5
1691525645.1295598,88.0728,-87.81,-12.88,14.43,163.29,5.77,83.67399999999999,-89.96,-10.59,19.08,18.8,45.797,24.0,4952.0,1485.5
1691525645.1395595,0.0,-87.81,-12.88,14.43,163.29,5.77,83.67399999999999,-89.96,-10.59,19.08,18.75,45.797,26.67,4952.0,1485.5
1691525645.1495595,0.0,-87.81,-12.88,14.83,169.53,0.0,83.67399999999999,-89.96,-10.59,19.08,14.75,45.797,22.4,3944.4,1485.5
1691525645.1595595,0.0,-87.81,-12.88,14.83,169.53,0.0,83.67399999999999,-89.96,-10.59,19.08,17.4,45.797,21.33,3991.0,1485.5
1691525645.16956,0.0,-87.81,-12.88,16.5,168.24,23.08,83.67399999999999,-89.96,-10.59,19.08,17.4,45.797,21.33,3991.0,1485.5
1691525645.17956,551.5583,-92.0,-12.75,17.5,152.38,2.44,83.67399999999999,-89.96,-10.59,19.08,14.71,45.797,37.33,6651.0,1485.5
1691525645.18956,260.2522,-92.0,-12.75,17.5,152.38,2.44,83.67399999999999,-91.4,-10.58,19.08,14.71,45.797,37.33,6651.0,1485.5
1691525645.19956,172.7859,-92.0,-12.75,17.83,163.17,0.0,83.67399999999999,-91.4,-10.58,19.08,16.75,45.797,26.67,4396.67,1485.5
1691525645.20956,1.5337,-90.19,-12.63,17.83,163.17,0.0,83.67399999999999,-91.4,-10.58,14.29,16.75,45.758,26.67,4396.67,2504.714285714286
1691525645.21956,192.435,-90.19,-12.63,18.0,145.12,13.25,83.67399999999999,-91.4,-10.58,14.29,16.33,45.758,23.27,4313.36,2192.333333333333
1691525645.22956,175.1565,-90.19,-12.63,18.0,145.12,13.25,83.67399999999999,-91.4,-10.58,14.29,16.75,45.758,42.67,5719.33,834.0
1691525645.23956,50.6677,-90.19,-12.63,18.0,145.12,13.25,83.67399999999999,-91.4,-10.58,14.29,16.75,45.758,42.67,5719.33,2172.5
1691525645.2495599,71.1822,-90.19,-12.63,15.33,145.13,0.0,83.67399999999999,-91.4,-10.58,14.29,15.5,45.758,22.86,4217.0,1717.5
1691525645.2595599,93.6211,-88.06,-15.69,15.33,145.13,0.0,83.67399999999999,-91.4,-10.58,14.29,16.75,45.758,52.0,10467.75,1717.5
1691525645.2695599,204.1844,-88.06,-15.69,15.33,145.13,0.0,83.67399999999999,-91.4,-10.58,14.29,16.75,45.758,52.0,10467.75,1717.5
1691525645.2795599,168.1789,-88.06,-15.69,16.57,157.61,14.89,83.67399999999999,-91.4,-10.58,14.29,17.0,45.758,20.57,3795.71,2489.75
1691525645.2895598,71.6657,-89.56,-14.0,17.4,164.02,6.98,83.67399999999999,-91.4,-10.58,14.29,16.4,45.758,20.57,4344.57,2421.75
1691525645.2995598,232.3542,-89.56,-14.0,16.6,167.83,4.35,83.67399999999999,-91.4,-10.58,14.29,17.0,45.758,20.57,3823.14,3047.5
1691525645.3095598,151.1761,-90.5,-11.88,16.6,167.83,4.35,83.67399999999999,-91.4,-10.58,17.19,16.2,39.938,32.0,5594.25,2226.5
1691525645.3195598,93.1933,-91.25,-15.75,17.0,123.13,9.52,83.67399999999999,-91.4,-10.58,17.19,16.5,39.938,21.33,3905.5,2425.125
1691525645.3295598,105.85700000000001,-89.88,-15.69,17.8,165.33,8.89,83.67399999999999,-91.4,-10.58,17.19,17.71,39.938,34.0,7356.75,1946.4
1691525645.3395598,59.303000000000004,-89.88,-15.69,17.8,165.33,8.89,83.67399999999999,-91.4,-10.58,17.19,17.71,39.938,34.0,7356.75,1946.4
1691525645.3495598,121.0499,-89.88,-15.69,17.8,165.33,8.89,83.67399999999999,-91.4,-10.58,17.19,17.0,39.938,22.4,4110.4,1946.4
1691525645.3595598,160.3191,-89.13,-14.88,17.8,165.33,8.89,83.67399999999999,-91.4,-10.58,17.19,17.0,39.938,22.4,4110.4,1946.4
1691525645.3695598,119.2006,-89.06,-12.63,16.91,170.5,5.43,83.67399999999999,-91.4,-10.58,17.19,17.45,39.938,21.71,4555.21,1946.4
1691525645.3795598,190.8457,-89.06,-12.63,16.91,170.5,5.43,83.67399999999999,-91.4,-10.58,17.19,17.45,39.938,21.71,4555.21,1946.4
1691525645.3895595,147.4897,-89.06,-12.63,17.0,152.24,5.77,83.67399999999999,-91.8,-10.57,17.19,18.6,39.938,21.33,4215.33,1946.4
1691525645.3995595,154.997,-89.06,-12.63,14.83,166.33,7.32,83.67399999999999,-91.8,-10.57,17.19,18.5,39.938,32.0,5795.17,2131.0
1691525645.4095595,1.0245,-89.06,-12.63,14.83,166.33,7.32,83.67399999999999,-91.8,-10.57,16.08,18.5,43.733000000000004,32.0,5795.17,2315.857142857143
1691525645.41956,96.1189,-91.94,-11.63,14.83,166.33,7.32,83.67399999999999,-91.8,-10.57,16.08,17.0,43.733000000000004,46.55,7783.27,1892.0
1691525645.42956,129.5815,-91.94,-11.63,15.33,160.17,4.76,83.67399999999999,-91.8,-10.57,16.08,15.33,43.733000000000004,24.0,3820.33,2097.285714285714
1691525645.43956,164.93,-91.94,-11.63,15.33,160.17,4.76,83.67399999999999,-91.8,-10.57,16.08,15.33,43.733000000000004,24.0,3820.33,1908.0
1691525645.44956,171.8601,-91.44,-15.44,15.33,160.17,4.76,83.67399999999999,-91.8,-10.57,16.08,17.8,43.733000000000004,25.14,4591.86,1908.0
1691525645.45956,63.4182,-91.44,-15.44,13.8,145.67,11.63,83.67399999999999,-91.8,-10.57,16.08,16.13,43.733000000000004,28.44,4823.5,1908.0
1691525645.46956,166.817,-91.44,-15.44,16.0,155.8,13.33,83.67399999999999,-91.8,-10.57,16.08,16.8,43.733000000000004,24.0,4396.67,1908.0
1691525645.47956,132.8941,-92.31,-11.56,16.0,155.8,13.33,83.67399999999999,-91.8,-10.57,16.08,16.83,43.733000000000004,20.57,3768.29,1908.0
1691525645.48956,130.1391,-92.44,-12.13,15.8,157.37,2.22,83.67399999999999,-91.8,-10.57,16.08,17.27,43.733000000000004,22.67,4337.92,1908.0
1691525645.4995599,33.8462,-92.44,-12.13,16.0,144.77,4.44,83.67399999999999,-91.8,-10.57,16.08,15.5,43.733000000000004,21.33,4023.0,1908.0
1691525645.5095599,201.2852,-92.44,-12.13,16.0,159.86,2.13,83.67399999999999,-91.8,-10.57,18.85,16.75,44.445,24.0,3873.5,1908.0
1691525645.5195599,30.7939,-93.13,-16.5,14.67,155.73,0.0,83.67399999999999,-91.8,-10.57,18.85,16.58,44.445,22.4,4229.93,1908.0
1691525645.5295599,210.9076,-93.06,-11.0,14.67,155.73,0.0,83.67399999999999,-91.8,-10.57,18.85,16.58,44.445,22.4,4229.93,2028.7142857142856
1691525645.5395598,144.4707,-93.06,-11.0,14.67,155.73,0.0,83.67399999999999,-91.8,-10.57,18.85,16.67,44.445,40.0,5356.5,1973.25
1691525645.5495598,142.0655,-93.06,-11.0,14.67,155.73,0.0,83.67399999999999,-91.8,-10.57,18.85,14.25,44.445,25.6,4725.6,1946.625
1691525645.5595598,58.1934,-93.06,-11.0,15.17,169.67,6.38,83.67399999999999,-91.8,-10.57,18.85,16.6,44.445,21.33,3713.67,2144.8571428571427
1691525645.5695598,137.5904,-92.25,-10.63,15.17,169.67,6.38,83.67399999999999,-91.8,-10.57,18.85,16.29,44.445,22.0,4073.75,1949.5
1691525645.5795598,1.0221,-93.31,-10.31,14.33,141.67,4.26,83.67399999999999,-91.8,-10.57,18.85,18.0,44.445,58.67,13771.0,1949.5
1691525645.5895598,201.0767,-93.31,-10.31,14.33,141.67,4.26,83.67399999999999,-91.8,-10.57,18.85,15.33,44.445,24.0,3820.33,1949.5
1691525645.5995598,148.5989,-93.31,-10.31,15.83,159.33,6.38,83.67399999999999,-91.8,-10.57,18.85,17.8,44.445,24.0,4717.0,2481.0
1691525645.6095598,60.8428,-93.31,-10.31,16.0,167.0,2.27,83.67399999999999,-91.8,-10.57,17.32,18.0,48.713,34.67,6403.5,2134.1428571428573
1691525645.6195598,236.1576,-93.31,-10.31,16.0,167.0,2.27,83.67399999999999,-91.8,-10.57,17.32,17.2,48.713,24.0,4642.25,2419.0
1691525645.6295598,188.7204,-93.31,-10.31,15.0,170.0,6.52,83.67399999999999,-91.8,-10.57,17.32,17.2,48.713,24.0,4642.25,2346.125
1691525645.6395595,33.2733,-93.31,-10.31,15.0,170.0,6.52,83.67399999999999,-91.8,-10.57,17.32,16.8,48.713,24.62,4812.0,2313.142857142857
1691525645.6495595,170.6154,-93.31,-10.31,15.5,159.5,8.7,83.67399999999999,-91.8,-10.57,17.32,16.6,48.713,21.33,3788.17,2405.285714285714
1691525645.6595595,72.7913,-93.56,-12.56,15.5,159.5,8.7,83.67399999999999,-91.8,-10.57,17.32,18.0,48.713,58.67,14176.33,2191.0
1691525645.66956,12.2868,-93.56,-12.56,15.5,159.5,8.7,83.67399999999999,-91.8,-10.57,17.32,15.9,48.713,35.69,6507.46,1708.2
1691525645.67956,0.0,-93.56,-12.56,16.4,169.0,20.45,83.67399999999999,-91.8,-10.57,17.32,16.6,48.713,21.33,3713.67,2418.833333333333
1691525645.68956,0.0,-91.13,-11.5,15.8,167.33,9.09,83.67399999999999,-91.8,-10.57,17.32,17.0,48.713,41.6,7324.2,2418.833333333333
1691525645.69956,0.0,-91.13,-11.5,15.8,167.33,9.09,83.67399999999999,-91.8,-10.57,17.32,15.9,48.713,22.67,4108.5,2418.833333333333
1691525645.70956,663.3819,-92.75,-12.38,15.5,148.47,10.0,83.67399999999999,-91.8,-10.57,17.17,16.83,45.728,27.43,5031.0,2418.833333333333
1691525645.71956,54.3372,-91.94,-13.38,15.5,162.67,9.76,83.67399999999999,-91.8,-10.57,17.17,17.62,45.728,29.87,6104.87,2418.833333333333
1691525645.72956,159.5351,-90.69,-11.88,15.6,167.47,13.64,83.67399999999999,-91.8,-10.57,17.17,17.62,45.728,29.87,6104.87,2418.833333333333
1691525645.73956,1.5332,-90.69,-11.88,15.6,167.47,13.64,83.67399999999999,-91.8,-10.57,17.17,17.62,45.728,29.87,6104.87,2248.6
1691525645.7495599,258.8966,-90.0,-13.13,16.0,170.46,10.2,83.67399999999999,-91.8,-10.57,17.17,17.8,45.728,22.4,4366.6,2256.333333333333
1691525645.7595599,52.5835,-90.0,-13.13,16.0,170.46,10.2,83.67399999999999,-91.8,-10.57,17.17,16.75,45.728,24.0,3873.5,2275.142857142857
1691525645.7695599,168.8025,-89.44,-14.88,16.0,170.46,10.2,83.67399999999999,-91.8,-10.57,17.17,15.75,45.728,34.29,6082.0,2192.333333333333
1691525645.7795599,164.7651,-89.44,-14.88,16.0,170.46,10.2,83.67399999999999,-91.8,-10.57,17.17,15.75,45.728,34.29,6082.0,1907.857142857143
1691525645.7895598,26.6134,-89.44,-14.88,16.5,169.5,6.67,83.67399999999999,-91.8,-10.57,17.17,16.67,45.728,20.57,3695.29,1800.75
1691525645.7995598,152.3993,-89.44,-14.88,16.5,169.5,6.67,83.67399999999999,-91.8,-10.57,17.17,17.75,45.728,24.0,4642.33,1800.75
1691525645.8095598,58.3855,-90.69,-7.69,16.83,170.83,4.35,83.67399999999999,-91.8,-10.57,15.93,17.75,43.803999999999995,24.0,4642.33,1800.75
1691525645.8195598,126.5653,-93.38,-11.56,16.83,170.83,4.35,83.67399999999999,-91.8,-10.57,15.93,17.33,43.803999999999995,33.6,6600.8,1800.75
1691525645.8295598,117.6541,-93.38,-11.56,16.57,159.18,8.89,83.67399999999999,-91.8,-10.57,15.93,17.33,43.803999999999995,33.6,6600.8,1800.75
1691525645.8395598,203.8779,-93.38,-11.56,16.57,159.18,8.89,83.67399999999999,-91.8,-10.57,15.93,15.78,43.803999999999995,30.67,4604.5,2253.1666666666665
1691525645.8495598,74.7445,-93.38,-11.56,17.0,161.87,0.0,83.67399999999999,-91.8,-10.57,15.93,16.0,43.803999999999995,29.33,4353.33,2253.1666666666665
1691525645.8595598,93.3041,-93.38,-11.56,17.0,161.87,0.0,83.67399999999999,-92.49,-10.61,15.93,16.67,43.803999999999995,20.57,3695.29,2253.1666666666665
1691525645.8695598,177.507,-93.38,-12.63,17.0,161.87,0.0,83.67399999999999,-92.49,-10.61,15.93,17.0,43.803999999999995,21.33,4022.83,2253.1666666666665
1691525645.8795598,18.4357,-93.38,-12.63,18.5,155.23,7.14,83.67399999999999,-92.49,-10.61,15.93,16.75,43.803999999999995,24.0,4194.17,2253.1666666666665
1691525645.8895595,101.3963,-93.13,-15.81,16.0,153.83,5.56,83.67399999999999,-92.49,-10.61,15.93,17.0,43.803999999999995,38.86,8030.43,2253.1666666666665
1691525645.8995595,36.3012,-93.13,-15.81,16.0,153.83,5.56,83.67399999999999,-92.49,-10.61,15.93,14.83,43.803999999999995,24.0,3703.0,2253.1666666666665
1691525645.9095595,138.9326,-93.63,-15.94,18.83,166.33,6.25,83.67399999999999,-92.49,-10.61,15.38,16.83,46.451,21.33,3990.83,2253.1666666666665
1691525645.91956,0.0,-93.63,-15.94,19.0,164.0,17.78,83.67399999999999,-92.49,-10.61,15.38,16.75,46.451,19.2,4020.8,2253.1666666666665
1691525645.92956,0.0,-93.63,-15.94,18.67,160.7,6.82,83.67399999999999,-92.49,-10.61,15.38,16.8,46.451,27.43,4820.57,2253.1666666666665
1691525645.93956,0.0,-93.63,-15.94,18.67,160.7,6.82,83.67399999999999,-92.49,-10.61,15.38,16.67,46.451,18.67,3350.33,2253.1666666666665
1691525645.94956,0.0,-94.06,-14.31,16.67,160.0,0.0,83.67399999999999,-92.49,-10.61,15.38,17.8,46.451,22.4,4366.6,2253.1666666666665
1691525645.95956,0.0,-94.06,-14.31,16.67,160.0,0.0,83.67399999999999,-92.49,-10.61,15.38,17.2,46.451,24.62,4841.69,2253.1666666666665
1691525645.96956,0.0,-94.06,-14.31,16.83,160.5,10.42,83.67399999999999,-92.49,-10.61,15.38,17.2,46.451,24.62,4841.69,2253.1666666666665
1691525645.97956,0.0,-94.06,-14.31,16.83,160.5,10.42,83.67399999999999,-92.49,-10.61,15.38,17.83,46.451,36.0,7858.88,2253.1666666666665
1691525645.98956,0.0,-94.06,-14.31,16.83,160.5,10.42,83.67399999999999,-92.49,-10.61,15.38,17.83,46.451,36.0,7858.88,2253.1666666666665
1691525645.9995599,0.0,-93.63,-14.25,17.0,151.17,0.0,83.67399999999999,-92.49,-10.61,15.38,16.7,46.451,24.0,4044.5,2253.1666666666665
1691525646.0095599,0.0,-93.63,-14.25,17.8,170.57,26.92,80.171,-92.49,-10.61,14.72,16.7,47.238,24.0,4044.5,2253.1666666666665
1691525646.0195599,0.0,-93.63,-14.25,15.83,154.93,8.7,80.171,-92.49,-10.61,14.72,17.67,47.238,25.14,4911.86,2253.1666666666665
1691525646.0295599,0.0,-93.63,-14.25,15.83,154.93,8.7,80.171,-92.49,-10.61,14.72,17.11,47.238,24.62,4555.92,2253.1666666666665
1691525646.0395598,0.0,-93.75,-13.38,15.83,154.93,8.7,80.171,-92.49,-10.61,14.72,17.11,47.238,24.62,4555.92,2253.1666666666665
1691525646.0495598,0.0,-93.75,-13.38,15.5,158.8,11.11,80.171,-92.49,-10.61,14.72,17.22,47.238,20.36,4021.91,2253.1666666666665
1691525646.0595598,0.0,-94.88,-13.06,15.5,158.8,11.11,80.171,-92.49,-10.61,14.72,17.0,47.238,58.67,12826.0,2253.1666666666665
1691525646.0695598,0.0,-94.88,-13.06,15.67,166.0,0.0,80.171,-92.49,-10.61,14.72,15.0,47.238,24.0,3745.67,2253.1666666666665
1691525646.0795598,0.0,-95.31,-13.63,15.67,166.0,0.0,80.171,-92.49,-10.61,14.72,17.0,47.238,21.33,4022.83,2253.1666666666665
1691525646.0895598,0.0,-94.19,-16.13,17.38,163.87,8.99,80.171,-92.49,-10.61,14.72,17.0,47.238,21.33,4022.83,2253.1666666666665
1691525646.0995598,2016.1334,-94.19,-16.13,17.38,163.87,8.99,80.171,-92.49,-10.61,14.72,14.5,47.238,22.4,3867.4,2253.1666666666665
1691525646.1095598,0.0,-94.19,-16.13,17.7,166.98,13.1,80.171,-92.49,-10.61,20.0,17.75,42.626000000000005,24.0,4717.0,2253.1666666666665
1691525646.1195598,0.0,-95.19,-12.88,17.7,166.98,13.1,80.171,-92.49,-10.61,20.0,17.17,42.626000000000005,24.0,4394.0,2253.1666666666665
1691525646.1295598,0.0,-95.19,-12.88,17.86,159.18,8.51,80.171,-92.49,-10.61,20.0,17.71,42.626000000000005,27.2,5084.1,2186.0
1691525646.1395595,0.0,-94.63,-12.5,17.86,159.18,8.51,80.171,-92.49,-10.61,20.0,16.5,42.626000000000005,56.0,10291.75,2186.0
1691525646.1495595,0.0,-94.63,-12.5,18.5,170.83,2.17,80.171,-92.49,-10.61,20.0,14.6,42.626000000000005,22.4,3957.0,2238.5714285714284
1691525646.1595595,0.0,-94.63,-12.5,18.5,170.83,2.17,80.171,-92.49,-10.61,20.0,17.4,42.626000000000005,21.33,3959.0,2064.8571428571427
1691525646.16956,0.0,-94.63,-12.5,18.29,162.71,4.0,80.171,-93.62,-10.78,20.0,17.4,42.626000000000005,21.33,3959.0,2251.857142857143
1691525646.17956,0.0,-94.63,-12.5,18.29,162.71,4.0,80.171,-93.62,-10.78,20.0,18.8,42.626000000000005,24.0,4492.5,2297.1666666666665
1691525646.18956,0.0,-94.44,-15.31,19.6,139.91,18.18,80.171,-93.62,-10.78,20.0,18.8,42.626000000000005,24.0,4492.5,1536.6
1691525646.19956,0.0,-94.44,-15.31,19.5,156.83,15.0,80.171,-93.62,-10.78,20.0,19.0,42.626000000000005,32.0,4428.83,2089.6666666666665
1691525646.20956,0.0,-94.44,-15.31,19.6,157.17,20.45,80.171,-93.62,-10.78,17.61,16.92,47.034,28.57,5506.29,1354.8
1691525646.21956,0.0,-94.56,-15.56,19.6,157.17,20.45,80.171,-93.62,-10.78,17.61,18.0,47.034,42.67,9414.67,2118.0
1691525646.22956,0.0,-94.56,-15.56,20.0,153.3,15.79,80.171,-93.62,-10.78,17.61,15.33,47.034,24.0,3820.33,2051.25
1691525646.23956,1315.9406,-94.56,-15.56,20.0,153.3,15.79,80.171,-93.62,-10.78,17.61,15.33,47.034,24.0,3820.33,2543.75
1691525646.2495599,296.7302,-94.56,-15.56,15.6,160.43,25.0,80.171,-93.62,-10.78,17.61,15.75,47.034,19.2,3764.8,2543.75
1691525646.2595599,143.872,-94.56,-15.56,17.0,155.26,4.35,80.171,-93.62,-10.78,17.61,15.75,47.034,19.2,3764.8,2543.75
1691525646.2695599,77.2502,-94.56,-15.56,17.0,155.26,4.35,80.171,-93.62,-10.78,17.61,14.0,47.034,24.0,3371.5,2543.75
1691525646.2795599,96.7777,-94.56,-15.56,17.0,155.26,4.35,80.171,-93.62,-10.78,17.61,14.0,47.034,24.0,3371.5,2543.75
1691525646.2895598,106.6133,-94.31,-13.06,13.8,153.17,2.5,80.171,-93.62,-10.78,17.61,16.38,47.034,20.0,3769.38,2543.75
1691525646.2995598,44.0188,-94.31,-13.06,13.8,153.17,2.5,80.171,-93.62,-10.78,17.61,18.0,47.034,58.67,13771.0,2543.75
1691525646.3095598,182.4556,-94.19,-14.19,13.8,153.17,2.5,80.171,-93.62,-10.78,14.49,18.0,44.918,58.67,13771.0,2543.75
1691525646.3195598,72.6895,-94.19,-14.19,13.6,139.49,0.0,80.171,-93.62,-10.78,14.49,15.33,44.918,24.0,3820.33,2543.75
1691525646.3295598,206.0507,-94.19,-14.19,13.6,139.49,0.0,80.171,-93.62,-10.78,14.49,15.33,44.918,24.0,3820.33,1503.0
1691525646.3395598,95.8015,-94.19,-14.19,14.75,157.67,14.29,80.171,-93.62,-10.78,14.49,17.0,44.918,27.43,4692.21,1367.0
1691525646.3495598,85.9472,-94.19,-14.19,12.86,141.06,6.52,80.171,-93.62,-10.78,14.49,16.5,44.918,20.57,4372.0,1529.0
1691525646.3595598,61.44,-94.81,-16.31,11.0,159.83,2.27,80.171,-93.62,-10.78,14.49,15.6,44.918,21.33,3468.0,1713.0
1691525646.3695598,27.6923,-94.81,-16.31,11.0,159.83,2.27,80.171,-93.62,-10.78,14.49,16.14,44.918,18.29,3850.71,1542.833333333333
1691525646.3795598,142.0094,-96.69,-14.69,11.0,155.73,25.58,80.171,-93.62,-10.78,14.49,16.75,44.918,52.0,10467.75,1542.833333333333
1691525646.3895595,70.137,-96.69,-14.69,11.33,163.03,13.04,80.171,-93.62,-10.78,14.49,16.8,44.918,24.0,4396.67,1542.833333333333
1691525646.3995595,160.768,-96.69,-14.69,11.33,163.03,13.04,80.171,-93.62,-10.78,14.49,16.8,44.918,21.33,3798.83,1542.833333333333
1691525646.4095595,159.07,-96.69,-14.69,11.17,157.4,11.36,80.171,-93.62,-10.78,12.98,16.5,42.415,19.2,4007.8,1542.833333333333
1691525646.41956,140.7156,-96.44,-15.44,11.17,157.4,11.36,80.171,-93.62,-10.78,12.98,17.0,42.415,18.29,4106.43,1542.833333333333
1691525646.42956,127.2335,-96.44,-15.44,11.2,157.06,5.68,80.171,-93.62,-10.78,12.98,15.0,42.415,24.0,3660.33,1542.833333333333
1691525646.43956,11.2843,-96.44,-15.44,11.2,157.06,5.68,80.171,-93.62,-10.78,12.98,16.67,42.415,18.67,3350.33,1542.833333333333
1691525646.44956,111.1485,-95.5,-12.88,11.2,157.06,5.68,80.171,-93.62,-10.78,12.98,16.67,42.415,18.67,3350.33,1542.833333333333
1691525646.45956,49.6392,-93.75,-11.25,11.2,157.06,5.68,80.171,-93.62,-10.78,12.98,16.13,42.415,34.0,6834.38,1542.833333333333
1691525646.46956,138.5304,-93.75,-11.25,13.6,116.37,4.35,80.171,-93.62,-10.78,12.98,13.8,42.415,22.4,3687.2,1542.833333333333
1691525646.47956,199.1879,-95.06,-13.69,13.6,116.37,4.35,80.171,-93.62,-10.78,12.98,16.83,42.415,21.33,3990.83,1542.833333333333
1691525646.48956,1.0243,-95.06,-13.69,14.6,164.2,0.0,80.171,-93.62,-10.78,12.98,15.83,42.415,24.0,4258.33,1321.6
1691525646.4995599,176.2161,-93.88,-14.63,14.25,151.4,24.39,80.171,-93.62,-10.78,12.98,15.83,42.415,24.0,4258.33,1857.833333333333
1691525646.5095599,0.0,-93.88,-14.63,13.67,143.64,2.33,80.171,-93.62,-10.78,12.98,15.83,48.275,21.33,3703.0,2075.0
1691525646.5195599,0.0,-93.88,-14.63,13.67,143.64,2.33,80.171,-93.62,-10.78,12.98,16.83,48.275,21.33,3990.83,1682.75
1691525646.5295599,1.0251,-93.69,-10.25,14.71,149.83,23.4,80.171,-93.62,-10.78,12.98,16.83,48.275,21.33,3990.83,1847.8
1691525646.5395598,298.1085,-93.69,-10.25,14.71,149.83,23.4,80.171,-93.62,-10.78,12.98,16.83,48.275,21.33,3990.83,1662.428571428571
1691525646.5495598,107.66,-93.69,-10.25,14.71,149.83,23.4,80.171,-93.62,-10.78,12.98,16.36,48.275,23.27,4482.09,1660.857142857143
1691525646.5595598,198.4218,-93.69,-10.25,14.29,159.29,6.0,80.171,-93.62,-10.78,12.98,16.86,48.275,20.57,3932.86,1800.75
1691525646.5695598,102.2773,-93.19,-14.06,15.0,162.77,0.0,80.171,-93.62,-10.78,12.98,16.29,48.275,22.0,4073.75,1316.3333333333333
1691525646.5795598,104.9915,-93.19,-14.06,15.0,162.77,0.0,80.171,-93.62,-10.78,12.98,16.75,48.275,19.2,4020.8,1764.0
1691525646.5895598,149.6387,-94.81,-12.63,15.0,162.77,0.0,80.171,-93.62,-10.78,12.98,17.0,48.275,21.33,3862.83,1557.5
1691525646.5995598,3.0714,-94.81,-12.63,15.0,162.77,0.0,80.171,-93.62,-10.78,12.98,17.0,48.275,21.33,3862.83,1557.5
1691525646.6095598,112.505,-94.44,-12.63,15.0,162.77,0.0,80.171,-93.62,-10.78,17.14,17.6,41.409,22.86,3969.43,1557.5
1691525646.6195598,148.5394,-94.44,-12.63,15.0,162.77,0.0,80.171,-93.62,-10.78,17.14,18.0,41.409,58.67,13771.0,1557.5
1691525646.6295598,54.8224,-95.5,-15.88,15.0,162.77,0.0,80.171,-93.62,-10.78,17.14,18.0,41.409,58.67,13771.0,1557.5
1691525646.6395595,172.5556,-95.5,-15.88,15.17,169.21,11.11,80.171,-93.62,-10.78,17.14,15.89,41.409,30.67,4545.83,2031.857142857143
1691525646.6495595,58.4089,-95.5,-15.88,14.67,167.17,6.52,80.171,-93.62,-10.78,17.14,15.89,41.409,30.67,4545.83,2079.25
1691525646.6595595,61.4584,-95.5,-15.88,15.0,156.83,2.27,80.171,-95.2,-10.94,17.14,16.8,41.409,22.86,3832.29,1563.6
1691525646.66956,168.4312,-95.5,-15.88,15.0,156.83,2.27,80.171,-95.2,-10.94,17.14,15.67,41.409,22.86,3612.71,1697.5
1691525646.67956,78.2343,-95.5,-15.88,15.5,161.5,6.82,80.171,-95.2,-10.94,17.14,15.6,41.409,21.33,3468.0,1873.967213114754
1691525646.68956,104.6783,-95.31,-11.63,15.5,161.5,6.82,80.171,-95.2,-10.94,17.14,15.6,41.409,21.33,3468.0,1813.5
1691525646.69956,14.3002,-96.5,-16.06,15.5,161.5,6.82,80.171,-95.2,-10.94,17.14,12.67,41.409,40.0,6198.6,1745.5
1691525646.70956,172.1181,-96.5,-16.06,15.33,169.64,16.33,80.171,-95.2,-10.94,10.39,14.83,44.288000000000004,21.33,3414.0,2019.5
1691525646.71956,145.0556,-96.5,-16.06,15.71,161.69,4.17,80.171,-95.2,-10.94,10.39,14.83,44.288000000000004,20.57,3365.14,2091.1428571428573
1691525646.72956,27.6231,-96.5,-16.06,15.71,161.69,4.17,80.171,-95.2,-10.94,10.39,14.83,44.288000000000004,24.0,3926.5,2091.1428571428573
1691525646.73956,233.5888,-94.81,-12.47,15.71,161.69,4.17,80.171,-95.2,-10.94,10.39,14.83,44.288000000000004,24.0,3926.5,2091.1428571428573
1691525646.7495599,157.2784,-94.81,-12.47,15.33,161.5,4.76,80.171,-95.2,-10.94,10.39,13.25,44.288000000000004,22.4,3469.6,2091.1428571428573
1691525646.7595599,43.0338,-94.81,-12.47,15.29,156.31,2.38,80.171,-95.2,-10.94,10.39,15.67,44.288000000000004,18.67,3104.83,2091.1428571428573
1691525646.7695599,0.0,-94.81,-12.47,15.29,156.31,2.38,80.171,-95.2,-10.94,10.39,16.38,44.288000000000004,21.71,3969.71,2091.1428571428573
1691525646.7795599,0.0,-94.56,-15.44,15.5,168.17,6.82,80.171,-95.2,-10.94,10.39,16.89,44.288000000000004,21.82,4027.73,2091.1428571428573
1691525646.7895598,0.0,-94.44,-12.75,15.5,168.17,6.82,80.171,-95.2,-10.94,10.39,16.0,44.288000000000004,24.0,4088.86,2091.1428571428573
1691525646.7995598,332.6612,-94.44,-12.75,15.8,156.88,8.33,80.171,-95.2,-10.94,10.39,15.4,44.288000000000004,19.2,3854.2,2091.1428571428573
1691525646.8095598,181.7782,-94.44,-12.75,15.5,148.67,6.52,80.171,-94.5,-10.9,12.24,15.71,43.018,18.29,3136.86,2091.1428571428573
1691525646.8195598,105.6093,-94.88,-13.38,15.33,158.13,12.2,80.171,-94.5,-10.9,12.24,16.86,43.018,22.86,4445.29,2091.1428571428573
1691525646.8295598,71.4941,-94.88,-13.38,15.33,158.13,12.2,80.171,-94.5,-10.9,12.24,16.86,43.018,22.86,4445.29,2091.1428571428573
1691525646.8395598,119.9644,-94.88,-13.38,15.33,158.13,12.2,80.171,-94.5,-10.9,12.24,15.75,43.018,24.0,4077.0,2091.1428571428573
1691525646.8495598,45.6217,-94.88,-13.38,16.6,159.5,9.09,80.171,-94.5,-10.9,12.24,15.6,43.018,21.33,3478.83,2091.1428571428573
1691525646.8595598,0.0,-94.88,-13.38,16.6,159.5,9.09,80.171,-94.5,-10.9,12.24,16.75,43.018,36.8,7095.7,2091.1428571428573
1691525646.8695598,0.0,-95.63,-11.63,14.75,160.14,16.33,80.171,-94.5,-10.9,12.24,15.33,43.018,20.57,3988.57,2091.1428571428573
1691525646.8795598,0.0,-95.63,-11.63,14.4,146.07,6.0,80.171,-94.5,-10.9,12.24,15.5,43.018,21.33,3617.33,2091.1428571428573
1691525646.8895595,1.0236,-95.63,-11.63,14.4,162.21,3.92,80.171,-94.5,-10.9,12.24,15.83,43.018,27.43,4601.57,1286.25
1691525646.8995595,570.311,-95.63,-11.63,12.0,160.0,19.15,80.171,-94.5,-10.9,12.24,15.67,43.018,18.67,3104.83,1641.857142857143
1691525646.9095595,131.0589,-95.81,-13.31,12.0,159.4,15.0,80.171,-94.5,-10.9,15.65,15.83,42.263999999999996,21.33,3703.0,1748.142857142857
1691525646.91956,66.0678,-95.81,-13.31,12.67,159.53,2.27,80.171,-94.5,-10.9,15.65,15.75,42.263999999999996,19.2,3803.2,1555.7142857142858
1691525646.92956,110.04700000000001,-95.81,-13.31,12.67,159.53,2.27,80.171,-94.5,-10.9,15.65,16.0,42.263999999999996,64.0,13130.67,1606.125
1691525646.93956,125.0399,-95.06,-14.19,12.67,159.53,2.27,80.171,-94.5,-10.9,15.65,16.0,42.263999999999996,64.0,13130.67,1606.125
1691525646.94956,29.7466,-95.06,-14.19,12.83,162.97,4.65,80.171,-94.5,-10.9,15.65,12.0,42.263999999999996,29.33,3264.83,1606.125
1691525646.95956,69.0716,-95.06,-14.19,14.4,158.37,0.0,80.171,-94.5,-10.9,15.65,15.86,42.263999999999996,20.57,3649.57,1606.125
1691525646.96956,180.9998,-95.06,-14.19,14.4,158.37,0.0,80.171,-94.5,-10.9,15.65,15.86,42.263999999999996,20.57,3649.57,1606.125
1691525646.97956,192.8573,-95.06,-14.19,15.67,161.71,0.0,80.171,-94.5,-10.9,15.65,16.4,42.263999999999996,19.2,4148.6,1606.125
1691525646.98956,122.4292,-95.06,-14.19,14.4,161.9,17.39,80.171,-94.5,-10.9,15.65,13.5,42.263999999999996,21.33,3478.0,1606.125
1691525646.9995599,39.4319,-95.06,-14.19,12.5,145.48,16.0,80.171,-94.5,-10.9,15.65,15.8,42.263999999999996,26.67,5335.5,1606.125
1691525647.0095599,80.392,-95.06,-14.19,12.5,145.48,16.0,61.728,-94.5,-10.9,19.5,15.8,41.835,22.4,3777.8,1606.125
1691525647.0195599,94.5687,-96.06,-13.19,13.0,158.33,5.13,61.728,-94.5,-10.9,19.5,16.67,41.835,52.0,10131.75,1606.125
1691525647.0295599,70.6772,-96.06,-13.19,13.0,158.33,5.13,61.728,-94.5,-10.9,19.5,14.2,41.835,48.0,9091.5,1606.125
1691525647.0395598,134.077,-96.06,-13.19,13.17,156.5,8.89,61.728,-94.5,-10.9,19.5,16.8,41.835,24.0,4396.67,1606.125
1691525647.0495598,131.0851,-96.06,-13.19,13.17,156.5,8.89,61.728,-94.5,-10.9,19.5,16.5,41.835,26.67,4311.5,1606.125
1691525647.0595598,127.4243,-96.94,-12.13,13.17,156.5,8.89,61.728,-94.5,-10.9,19.5,14.8,41.835,41.14,4792.86,1606.125
1691525647.0695598,51.8364,-96.94,-12.13,13.14,145.25,5.56,61.728,-94.5,-10.9,19.5,15.75,41.835,25.6,4226.6,1606.125
1691525647.0795598,126.1109,-96.94,-12.13,13.14,145.25,5.56,61.728,-94.5,-10.9,19.5,15.83,41.835,24.0,4258.33,1606.125
1691525647.0895598,67.6991,-96.63,-15.5,14.2,164.0,0.0,61.728,-94.5,-10.9,19.5,15.83,41.835,24.0,4258.33,1606.125
1691525647.0995598,0.0,-96.63,-15.5,14.2,164.0,0.0,61.728,-94.5,-10.9,19.5,15.86,41.835,25.6,4181.4,1606.125
1691525647.1095598,0.0,-96.88,-14.31,16.8,147.12,21.05,61.728,-94.5,-10.9,18.12,16.0,40.455999999999996,64.0,13130.67,1606.125
1691525647.1195598,0.0,-96.25,-13.38,16.2,154.45,8.0,61.728,-94.5,-10.9,18.12,15.86,40.455999999999996,20.57,3649.57,1606.125
1691525647.1295598,441.0353,-96.31,-15.13,15.5,167.4,12.0,61.728,-94.5,-10.9,18.12,14.83,40.455999999999996,24.0,3926.5,1606.125
1691525647.1395595,72.501,-96.31,-15.13,15.5,167.4,12.0,61.728,-95.95,-10.96,18.12,14.83,40.455999999999996,21.33,3414.0,1606.125
1691525647.1495595,113.4583,-96.31,-15.13,15.5,148.5,0.0,61.728,-95.95,-10.96,18.12,15.83,40.455999999999996,24.0,4258.33,1606.125
1691525647.1595595,106.9011,-95.94,-14.88,15.57,149.29,4.08,61.728,-95.95,-10.96,18.12,15.83,40.455999999999996,24.0,4258.33,1606.125
1691525647.16956,1.0219,-95.94,-14.88,15.57,149.29,4.08,61.728,-95.95,-10.96,18.12,14.4,40.455999999999996,26.67,3863.0,1606.125
1691525647.17956,96.8067,-96.56,-13.0,15.57,149.29,4.08,61.728,-95.95,-10.96,18.12,12.38,40.455999999999996,40.89,6211.67,1299.3333333333333
1691525647.18956,179.3435,-96.56,-13.0,15.92,160.47,14.61,61.728,-95.95,-10.96,18.12,15.0,40.455999999999996,45.71,4096.71,1657.0
1691525647.19956,47.6255,-96.13,-15.22,15.33,163.33,34.04,61.728,-95.95,-10.96,18.12,14.38,40.455999999999996,27.43,4207.07,1879.2
1691525647.20956,1.0238,-96.13,-15.22,15.33,163.33,34.04,61.728,-95.95,-10.96,12.21,14.83,40.126999999999995,25.14,3813.86,1334.4
1691525647.21956,338.3599,-96.13,-15.22,15.6,161.71,11.76,61.728,-95.95,-10.96,12.21,14.83,40.126999999999995,25.14,3813.86,1668.857142857143
1691525647.22956,82.4073,-96.13,-15.22,15.6,161.71,11.76,61.728,-95.95,-10.96,12.21,12.57,40.126999999999995,27.43,3274.0,1616.7142857142858
1691525647.23956,85.9558,-96.13,-15.22,15.6,161.71,11.76,61.728,-95.95,-10.96,12.21,12.57,40.126999999999995,27.43,3274.0,1828.0
1691525647.2495599,80.5209,-96.31,-14.31,14.67,159.8,9.09,61.728,-95.95,-10.96,12.21,15.5,40.126999999999995,20.57,4025.0,1851.375
1691525647.2595599,29.6486,-96.31,-14.31,12.67,159.47,2.22,61.728,-95.95,-10.96,12.21,15.57,40.126999999999995,36.8,6250.6,1851.375
1691525647.2695599,169.8457,-96.31,-14.31,12.67,159.47,2.22,61.728,-95.95,-10.96,12.21,13.6,40.126999999999995,22.4,3635.8,1820.375
1691525647.2795599,160.5913,-96.88,-15.13,10.67,157.67,2.22,61.728,-95.95,-10.96,12.21,13.6,40.126999999999995,22.4,3635.8,1681.0
1691525647.2895598,9.7163,-96.88,-15.13,10.67,157.67,2.22,61.728,-95.95,-10.96,12.21,16.29,40.126999999999995,18.29,3274.14,1812.4285714285716
1691525647.2995598,140.014,-96.88,-15.13,11.0,169.83,11.63,61.728,-95.43,-10.82,12.21,15.8,40.126999999999995,22.86,3960.86,1776.75
1691525647.3095598,150.9193,-96.88,-13.31,11.0,169.83,11.63,61.728,-95.43,-10.82,17.01,15.8,43.909,22.67,3890.0,1746.75
1691525647.3195598,29.6545,-96.88,-13.31,10.5,165.83,4.17,61.728,-95.43,-10.82,17.01,15.75,43.909,19.2,3726.4,1873.4
1691525647.3295598,0.0,-96.88,-13.31,10.5,165.83,4.17,61.728,-95.43,-10.82,17.01,16.0,43.909,24.0,4290.33,1873.4
1691525647.3395598,0.0,-98.19,-11.63,10.5,165.83,4.17,61.728,-95.43,-10.82,17.01,16.33,43.909,52.0,10115.75,1873.4
1691525647.3495598,349.5335,-98.19,-11.63,10.5,161.52,11.36,61.728,-95.43,-10.82,17.01,16.33,43.909,52.0,10115.75,1873.4
1691525647.3595598,129.7306,-98.19,-11.63,12.8,165.5,12.5,61.728,-95.43,-10.82,17.01,15.0,43.909,45.33,5016.0,1873.4
1691525647.3695598,148.0507,-97.06,-14.5,12.8,165.5,12.5,61.728,-95.43,-10.82,17.01,15.55,43.909,23.38,3767.77,1873.4
1691525647.3795598,22.0447,-97.06,-14.5,12.0,153.0,9.52,61.728,-95.43,-10.82,17.01,15.55,43.909,23.38,3767.77,1873.4
1691525647.3895595,211.5201,-97.06,-14.5,11.83,164.13,23.26,61.728,-95.43,-10.82,17.01,13.25,43.909,22.4,3469.6,1561.6
1691525647.3995595,85.6187,-97.06,-14.5,11.83,164.13,23.26,61.728,-95.43,-10.82,17.01,15.75,43.909,40.0,5261.0,1588.857142857143
1691525647.4095595,25.6077,-97.06,-14.5,11.83,164.13,23.26,61.728,-95.43,-10.82,18.24,15.75,41.75899999999999,19.2,3726.4,1984.8
1691525647.41956,0.0,-97.06,-14.5,9.57,164.83,24.49,61.728,-95.43,-10.82,18.24,15.83,41.75899999999999,24.0,4258.33,1698.6
1691525647.42956,0.0,-97.69,-14.25,9.57,164.83,24.49,61.728,-95.43,-10.82,18.24,16.75,41.75899999999999,52.0,10467.75,1566.0
1691525647.43956,8.691,-97.69,-14.25,9.57,164.83,24.49,61.728,-95.43,-10.82,18.24,14.0,41.75899999999999,48.0,9048.67,1489.2
1691525647.44956,0.0,-97.69,-14.25,9.57,164.83,24.49,61.728,-95.43,-10.82,18.24,15.33,41.75899999999999,25.14,4839.43,1489.2
1691525647.45956,343.8959,-97.69,-14.25,9.57,164.83,24.49,61.728,-95.43,-10.82,18.24,15.6,41.75899999999999,24.0,3660.17,1489.2
1691525647.46956,0.0,-97.69,-14.25,9.57,164.83,24.49,61.728,-95.43,-10.82,18.24,15.8,41.75899999999999,25.14,3970.14,1489.2
1691525647.47956,0.0,-97.69,-14.25,9.43,155.94,4.55,61.728,-95.43,-10.82,18.24,15.8,41.75899999999999,25.14,3970.14,1489.2
1691525647.48956,1.0248,-97.69,-14.25,11.0,172.37,2.17,61.728,-95.43,-10.82,18.24,15.8,41.75899999999999,22.86,3970.14,1489.2
1691525647.4995599,330.8197,-97.69,-14.25,11.0,172.37,2.17,61.728,-95.43,-10.82,18.24,15.0,41.75899999999999,38.67,6350.5,1489.2
1691525647.5095599,411.374,-97.06,-13.69,11.0,172.37,2.17,61.728,-95.43,-10.82,15.65,15.0,37.364000000000004,38.67,6350.5,1489.2
1691525647.5195599,26.6426,-97.06,-13.69,11.0,172.37,2.17,61.728,-95.43,-10.82,15.65,11.2,37.364000000000004,56.0,8485.5,1489.2
1691525647.5295599,106.3577,-97.06,-13.69,11.0,172.37,2.17,61.728,-95.43,-10.82,15.65,14.67,37.364000000000004,18.67,2869.5,1489.2
1691525647.5395598,126.6159,-98.38,-13.63,11.4,171.0,4.35,61.728,-95.43,-10.82,15.65,14.67,37.364000000000004,18.67,2869.5,1489.2
1691525647.5495598,1.5378,-98.38,-13.63,11.8,167.23,7.14,61.728,-95.43,-10.82,15.65,15.2,37.364000000000004,25.14,3832.57,1489.2
1691525647.5595598,88.9723,-98.38,-13.63,11.8,167.23,7.14,61.728,-95.43,-10.82,15.65,15.33,37.364000000000004,20.57,3347.29,1489.2
1691525647.5695598,0.0,-97.63,-12.25,11.8,167.23,7.14,61.728,-95.43,-10.82,15.65,15.33,37.364000000000004,20.57,3347.29,1489.2
1691525647.5795598,0.0,-98.0,-11.38,11.8,167.23,7.14,61.728,-95.43,-10.82,15.65,14.0,37.364000000000004,85.33,14282.0,1489.2
1691525647.5895598,0.0,-98.0,-11.38,14.5,169.1,2.38,61.728,-95.43,-10.82,15.65,12.33,37.364000000000004,29.33,3493.75,1489.2
1691525647.5995598,0.0,-98.0,-11.38,14.5,169.1,2.38,61.728,-95.43,-10.82,15.65,12.33,37.364000000000004,29.33,3493.75,1489.2
1691525647.6095598,258.9484,-99.25,-13.25,14.5,169.1,2.38,61.728,-95.43,-10.82,11.3,14.58,45.466,21.33,3200.5,1489.2
1691525647.6195598,0.0,-99.25,-13.25,14.5,169.1,2.38,61.728,-95.43,-10.82,11.3,14.58,45.466,21.33,3200.5,1489.2
1691525647.6295598,0.0,-99.25,-13.25,14.5,169.1,2.38,61.728,-97.12,-10.84,11.3,15.67,45.466,21.33,3660.17,1489.2
1691525647.6395595,0.0,-99.25,-13.25,13.5,156.33,0.0,61.728,-97.12,-10.84,11.3,15.67,45.466,20.57,3393.29,1489.2
1691525647.6495595,0.0,-99.25,-13.25,13.5,156.33,0.0,61.728,-97.12,-10.84,11.3,15.83,45.466,24.0,4258.33,1489.2
1691525647.6595595,102.2048,-99.25,-13.25,13.4,166.0,8.51,61.728,-97.12,-10.84,11.3,15.83,45.466,22.86,3970.14,1489.2
1691525647.66956,740.2656,-99.25,-13.25,13.4,166.0,8.51,61.728,-97.12,-10.84,11.3,15.0,45.466,20.0,3585.0,1489.2
1691525647.67956,15.3539,-98.56,-13.31,13.4,166.0,8.51,61.728,-97.12,-10.84,11.3,14.67,45.466,56.0,9751.5,1489.2
1691525647.68956,116.4797,-98.56,-13.31,13.0,166.23,2.5,61.728,-97.12,-10.84,11.3,14.67,45.466,56.0,9751.5,1489.2
1691525647.69956,0.0,-99.0,-12.56,13.0,166.23,2.5,61.728,-97.12,-10.84,11.3,15.13,45.466,20.0,3393.25,2110.5714285714284
1691525647.70956,16.3693,-99.31,-13.5,13.0,166.23,2.5,61.728,-97.12,-10.84,13.44,15.13,40.192,20.0,3393.25,2039.625
1691525647.71956,12.2708,-99.31,-13.5,12.33,150.4,11.63,61.728,-97.12,-10.84,13.44,13.43,40.192,32.0,4544.63,1832.0
1691525647.72956,1.0251,-99.31,-13.5,12.33,150.4,11.63,61.728,-97.12,-10.84,13.44,13.43,40.192,32.0,4544.63,2209.5714285714284
1691525647.73956,232.3318,-99.31,-13.5,12.33,150.4,11.63,61.728,-97.12,-10.84,13.44,14.5,40.192,24.0,3777.5,1936.544642857143
1691525647.7495599,97.792,-99.31,-13.5,12.33,150.4,11.63,61.728,-97.12,-10.84,13.44,14.5,40.192,24.0,3777.5,1936.544642857143
1691525647.7595599,8.7057,-99.31,-13.5,15.0,157.88,25.88,61.728,-97.12,-10.84,13.44,9.8,40.192,69.5,6029.67,1936.544642857143
1691525647.7695599,51.7379,-99.31,-13.5,15.0,157.88,25.88,61.728,-97.12,-10.84,13.44,12.83,40.192,26.67,3511.0,1936.544642857143
1691525647.7795599,56.2862,-98.19,-14.06,12.67,161.81,6.98,61.728,-97.12,-10.84,13.44,13.71,40.192,27.43,4050.86,1936.544642857143
1691525647.7895598,0.0,-98.19,-14.06,12.5,146.93,15.56,61.728,-97.12,-10.84,13.44,9.75,40.192,28.8,3290.4,1936.544642857143
1691525647.7995598,0.0,-98.19,-14.06,12.5,158.5,16.28,61.728,-97.12,-10.84,13.44,14.31,40.192,28.31,4333.38,1672.166666666667
1691525647.8095598,0.0,-98.19,-14.06,12.5,158.5,16.28,61.728,-97.12,-10.84,13.39,13.5,35.872,72.0,11222.75,1846.7142857142856
1691525647.8195598,1.024,-98.19,-14.06,12.5,147.48,16.28,61.728,-97.12,-10.84,13.39,13.5,35.872,72.0,11222.75,1870.2
1691525647.8295598,332.2216,-98.19,-14.06,12.5,147.48,16.28,61.728,-97.12,-10.84,13.39,13.5,35.872,72.0,11222.75,1870.2
1691525647.8395598,334.4467,-98.19,-14.06,12.5,147.48,16.28,61.728,-97.12,-10.84,13.39,13.5,35.872,72.0,11222.75,2085.8571428571427
1691525647.8495598,140.0842,-98.81,-15.63,12.5,160.33,14.63,61.728,-97.12,-10.84,13.39,13.71,35.872,20.57,2843.57,1973.333333333333
1691525647.8595598,87.9936,-98.81,-15.63,12.5,160.33,14.63,61.728,-97.12,-10.84,13.39,13.71,35.872,20.57,2843.57,1659.6
1691525647.8695598,100.2918,-98.81,-15.63,13.2,168.5,12.5,61.728,-97.12,-10.84,13.39,13.83,35.872,28.31,3958.38,2196.0
1691525647.8795598,40.4278,-98.81,-15.63,13.2,168.5,12.5,61.728,-97.12,-10.84,13.39,13.83,35.872,28.31,3958.38,121.0
1691525647.8895595,4.6112,-98.81,-15.63,11.6,112.4,4.35,61.728,-97.12,-10.84,13.39,13.83,35.872,28.31,3958.38,2037.0
1691525647.8995595,1.0222,-99.88,-15.06,11.6,112.4,4.35,61.728,-97.12,-10.84,13.39,12.67,35.872,21.33,2582.5,2037.0
1691525647.9095595,312.8518,-99.81,-13.5,11.6,112.4,4.35,61.728,-97.12,-10.84,9.09,13.0,38.299,80.0,13024.0,2037.0
1691525647.91956,162.1325,-99.81,-13.5,12.33,163.88,22.5,61.728,-97.12,-10.84,9.09,10.17,38.299,32.0,3009.5,2037.0
1691525647.92956,34.1741,-99.81,-13.5,11.4,151.95,26.32,61.728,-97.12,-10.84,9.09,10.17,38.299,32.0,3009.5,2037.0
1691525647.93956,66.1075,-99.69,-13.44,11.4,151.95,26.32,61.728,-97.12,-10.84,9.09,12.13,38.299,26.0,3337.5,2037.0
1691525647.94956,189.5727,-99.19,-16.38,10.0,155.19,10.64,61.728,-97.12,-10.84,9.09,12.13,38.299,26.0,3337.5,1945.333333333333
1691525647.95956,18.4505,-99.19,-16.38,10.0,155.19,10.64,61.728,-97.12,-10.84,9.09,12.33,38.299,27.43,3959.86,1867.5
1691525647.96956,2.5569,-99.19,-16.38,10.0,155.19,10.64,61.728,-97.12,-10.84,9.09,13.33,38.299,30.0,4184.25,1824.0
1691525647.97956,20.9689,-99.19,-16.38,9.43,161.63,8.51,61.728,-97.12,-10.84,9.09,13.67,38.299,21.33,3723.0,1515.6
1691525647.98956,160.3511,-100.25,-16.0,8.71,163.51,2.04,61.728,-97.12,-10.84,9.09,15.0,38.299,37.33,7108.0,1515.6
1691525647.9995599,201.9227,-100.25,-16.0,8.71,163.51,2.04,61.728,-97.12,-10.84,9.09,15.0,38.299,37.33,7108.0,1515.6
1691525648.0095599,47.1984,-100.25,-16.0,8.67,134.1,2.38,57.549,-97.12,-10.84,16.92,12.0,29.255,34.46,4348.15,1515.6
1691525648.0195599,202.50900000000001,-100.25,-16.0,8.67,134.1,2.38,57.549,-97.12,-10.84,16.92,12.0,29.255,34.46,4348.15,1515.6
1691525648.0295599,89.0079,-100.25,-16.0,8.67,134.1,2.38,57.549,-97.12,-10.84,16.92,13.1,29.255,34.67,4566.75,1515.6
1691525648.0395598,23.0584,-100.63,-13.44,8.67,134.1,2.38,57.549,-97.12,-10.84,16.92,10.0,29.255,16.0,2049.0,1515.6
1691525648.0495598,113.81200000000001,-101.38,-15.63,8.67,134.1,2.38,57.549,-97.12,-10.84,16.92,10.0,29.255,48.0,2241.0,1515.6
1691525648.0595598,22.9894,-101.38,-15.63,8.67,134.1,2.38,57.549,-97.12,-10.84,16.92,10.8,29.255,28.8,3060.6,1515.6
1691525648.0695598,108.1726,-99.94,-15.5,8.67,134.1,2.38,57.549,-97.12,-10.84,16.92,11.0,29.255,34.29,3420.57,1515.6
1691525648.0795598,100.9549,-100.44,-16.75,8.67,134.1,2.38,57.549,-97.12,-10.84,16.92,11.0,29.255,34.29,3420.57,1515.6
1691525648.0895598,137.6042,-100.44,-16.75,8.67,134.1,2.38,57.549,-97.12,-10.84,16.92,10.0,29.255,25.14,2661.86,1804.857142857143
1691525648.0995598,138.8075,-100.44,-16.75,8.67,134.1,2.38,57.549,-97.12,-10.84,16.92,11.5,29.255,26.67,3116.83,1951.2
1691525648.1095598,103.3413,-100.44,-16.75,8.67,134.1,2.38,57.549,-97.14,-11.02,8.4,11.5,34.648,26.67,3116.83,1896.0
1691525648.1195598,90.1481,-100.44,-16.75,11.0,154.0,24.39,57.549,-97.14,-11.02,8.4,11.71,34.648,20.57,2342.57,1783.8
1691525648.1295598,11.2527,-100.44,-16.75,9.0,158.87,17.07,57.549,-97.14,-11.02,8.4,11.86,34.648,25.14,3056.0,2147.25
1691525648.1395595,100.3821,-100.44,-16.75,9.0,158.87,17.07,57.549,-97.14,-11.02,8.4,11.86,34.648,25.14,3056.0,1764.75
1691525648.1495595,50.6323,-100.44,-16.75,9.0,158.87,17.07,57.549,-97.14,-11.02,8.4,11.0,34.648,42.67,4205.33,1764.75
1691525648.1595595,170.3767,-100.81,-15.25,8.0,149.43,10.81,57.549,-97.14,-11.02,8.4,12.0,34.648,85.33,12854.0,1764.75
1691525648.16956,89.3919,-100.81,-15.25,8.0,149.43,10.81,57.549,-97.14,-11.02,8.4,12.0,34.648,85.33,12854.0,1764.75
1691525648.17956,132.7748,-101.0,-12.38,8.0,149.43,10.81,57.549,-97.14,-11.02,8.4,12.0,34.648,85.33,12854.0,1764.75
1691525648.18956,59.4217,-101.0,-12.38,6.0,155.83,6.82,57.549,-97.14,-11.02,8.4,9.63,34.648,26.0,2705.25,1497.0
