TIME_STAMP,Throughput,4G_RSRP,4G_RSRQ,4G_MCS,4G_RB,4G_BLER,4G_MAC_Total_Throughput,5G_RSRP,5G_RSRQ,5G_BLER,5G_MCS,5G_MAC_Total_Throughput,5G_TBS,5G_RB,4G_TBS
1691446693.7275813,0.0,-99.75,-13.0,8.77,2.15,0.0,0.8540000000000001,,,,,,,,9.0
1691446693.7375813,0.0,-99.75,-13.0,8.77,2.15,0.0,0.8540000000000001,,,,,,,,9.0
1691446693.7475812,0.0,-99.75,-13.0,8.77,2.15,0.0,0.8540000000000001,,,,,,,,9.0
1691446693.7575812,0.0,-99.75,-13.0,8.77,2.15,0.0,0.8540000000000001,,,,,,,,9.0
1691446693.7675812,0.0,-99.75,-13.0,8.77,2.15,0.0,0.8540000000000001,,,,,,,,9.0
1691446693.7775812,0.0,-99.75,-13.0,8.77,2.15,0.0,0.8540000000000001,,,,,,,,9.0
1691446693.7875812,0.0,-99.75,-13.0,8.77,2.15,0.0,0.8540000000000001,,,,,,,,9.0
1691446693.7975812,0.0,-99.75,-13.0,8.77,2.15,0.0,0.8540000000000001,,,,,,,,9.0
1691446693.8075812,0.0,-99.75,-13.0,8.77,2.15,0.0,0.8540000000000001,,,,,,,,9.0
1691446693.8175812,0.0,-99.75,-13.0,8.77,2.15,0.0,0.8540000000000001,,,,,,,,9.0
1691446693.8275812,0.0,-99.75,-13.0,8.77,2.15,0.0,0.8540000000000001,,,,,,,,9.0
1691446693.8375812,0.0,-99.75,-13.0,8.77,2.15,0.0,0.8540000000000001,,,,,,,,9.0
1691446693.8475811,0.0,-99.75,-13.0,8.77,2.15,0.0,0.8540000000000001,,,,,,,,9.0
1691446693.8575811,0.0,-99.75,-13.0,8.77,2.15,0.0,0.8540000000000001,,,,,,,,9.0
1691446693.8675814,0.0,-99.75,-13.0,8.77,2.15,0.0,0.8540000000000001,,,,,,,,9.0
1691446693.8775814,0.0,-99.75,-13.0,8.77,2.15,0.0,0.8540000000000001,,,,,,,,9.0
1691446693.8875813,0.0,-99.75,-13.0,8.77,2.15,0.0,0.8540000000000001,,,,,,,,9.0
1691446693.8975813,0.0,-99.75,-13.0,8.77,2.15,0.0,0.8540000000000001,,,,,,,,9.0
1691446693.9075813,0.0,-99.75,-13.0,8.77,2.15,0.0,0.8540000000000001,,,,,,,,9.0
1691446693.9175813,0.0,-99.75,-13.0,8.77,2.15,0.0,0.8540000000000001,,,,,,,,9.0
1691446693.9275813,0.0,-99.75,-13.0,8.77,2.15,0.0,0.8540000000000001,,,,,,,,9.0
1691446693.9375813,0.0,-99.75,-13.0,8.77,2.15,0.0,0.8540000000000001,,,,,,,,9.0
1691446693.9475813,0.0,-99.75,-13.0,8.77,2.15,0.0,0.8540000000000001,,,,,,,,9.0
1691446693.9575813,0.0,-99.75,-13.0,8.77,2.15,0.0,0.8540000000000001,,,,,,,,9.0
1691446693.9675813,0.0,-99.75,-13.0,8.77,2.15,0.0,0.8540000000000001,,,,,,,,9.0
1691446693.9775813,0.0,-99.75,-13.0,8.77,2.15,0.0,0.8540000000000001,,,,,,,,9.0
1691446693.9875813,0.0,-99.75,-13.0,8.77,2.15,0.0,0.8540000000000001,,,,,,,,9.0
1691446693.9975812,0.0,-99.75,-13.0,8.77,2.15,0.0,0.8540000000000001,,,,,,,,9.0
1691446694.0075812,0.0,-99.75,-13.0,8.77,2.15,0.0,0.8540000000000001,,,,,,,,9.0
1691446694.0175812,0.0,-99.75,-13.0,8.77,2.15,0.0,0.8540000000000001,,,,,,,,9.0
1691446694.0275812,0.0,-99.75,-13.0,8.77,2.15,0.0,0.8540000000000001,,,,,,,,9.0
1691446694.0375812,0.0,-99.75,-13.0,8.77,2.15,0.0,0.8540000000000001,,,,,,,,9.0
1691446694.0475812,0.0,-100.22,-16.09,8.77,2.15,0.0,0.8540000000000001,,,,,,,,9.0
1691446694.0575812,0.0,-100.22,-16.09,8.77,2.15,0.0,0.8540000000000001,,,,,,,,9.0
1691446694.0675812,0.0,-100.22,-16.09,8.77,2.15,0.0,0.8540000000000001,,,,,,,,9.0
1691446694.0775812,0.0,-100.88,-16.69,8.77,2.15,0.0,0.8540000000000001,,,,,,,,9.0
1691446694.0875812,0.0,-101.5,-16.16,8.77,2.15,0.0,0.8540000000000001,,,,,,,,9.0
1691446694.0975811,0.0,-101.5,-16.16,8.77,2.15,0.0,0.8540000000000001,,,,,,,,9.0
1691446694.1075811,0.0,-101.5,-16.16,8.77,2.15,0.0,0.8540000000000001,,,,,,,,9.0
1691446694.1175814,0.0,-102.53,-16.47,8.77,2.15,0.0,0.8540000000000001,,,,,,,,9.0
1691446694.1275814,0.0,-102.53,-16.47,8.77,2.15,0.0,0.8540000000000001,,,,,,,,9.0
1691446694.1375813,0.0,-102.53,-16.47,8.77,2.15,0.0,0.8540000000000001,,,,,,,,161.0
1691446694.1475813,0.0,-102.53,-16.47,8.77,2.15,0.0,0.8540000000000001,,,,,,,,161.0
1691446694.1575813,0.0,-104.08,-17.08,8.77,2.15,0.0,0.8540000000000001,,,,,,,,133.0
1691446694.1675813,0.0,-104.54,-16.85,8.77,2.15,0.0,0.8540000000000001,,,,,,,,133.0
1691446694.1775813,0.0,-104.54,-16.85,8.77,2.15,0.0,0.8540000000000001,,,,,,,,133.0
1691446694.1875813,0.0,-104.54,-16.85,8.77,2.15,0.0,0.8540000000000001,,,,,,,,133.0
1691446694.1975813,0.0,-103.94,-18.25,8.77,2.15,0.0,0.8540000000000001,,,,,,,,133.0
1691446694.2075813,0.0,-104.0,-17.69,8.77,2.15,0.0,0.8540000000000001,,,,,,,,133.0
1691446694.2175813,0.0,-104.0,-17.69,8.77,2.15,0.0,0.8540000000000001,,,,,,,,133.0
1691446694.2275813,0.0,-104.0,-17.69,8.77,2.15,0.0,0.8540000000000001,,,,,,,,133.0
1691446694.2375813,0.0,-103.63,-17.06,8.77,2.15,0.0,0.8540000000000001,,,,,,,,133.0
1691446694.2475812,0.0,-103.63,-17.06,8.77,2.15,0.0,0.8540000000000001,,,,,,,,133.0
1691446694.2575812,0.0,-103.06,-16.46,8.77,2.15,0.0,0.8540000000000001,,,,,,,,133.0
1691446694.2675812,0.0,-102.56,-15.5,8.77,2.15,0.0,0.8540000000000001,,,,,,,,133.0
1691446694.2775812,0.0,-102.56,-15.5,8.77,2.15,0.0,0.8540000000000001,,,,,,,,133.0
1691446694.2875812,0.0,-102.56,-15.5,8.77,2.15,0.0,0.8540000000000001,,,,,,,,133.0
1691446694.2975812,0.0,-102.71,-16.83,8.77,2.15,0.0,0.8540000000000001,,,,,,,,133.0
1691446694.3075812,0.0,-102.71,-16.83,8.77,2.15,0.0,0.8540000000000001,,,,,,,,133.0
1691446694.3175812,0.0,-101.28,-15.81,8.77,2.15,0.0,0.8540000000000001,,,,,,,,133.0
1691446694.3275812,0.0,-101.28,-15.81,8.77,2.15,0.0,0.8540000000000001,,,,,,,,133.0
1691446694.3375812,0.0,-101.09,-15.41,8.77,2.15,0.0,0.8540000000000001,,,,,,,,105.0
1691446694.3475811,0.0,-100.94,-14.63,8.77,2.15,0.0,0.8540000000000001,,,,,,,,485.0
1691446694.3575811,0.0,-101.31,-14.81,8.77,2.15,0.0,0.8540000000000001,,,,,,,,217.0
1691446694.3675814,0.0,-101.31,-14.81,8.77,2.15,0.0,0.8540000000000001,,,,,,,,105.0
1691446694.3775814,0.0,-101.44,-16.03,8.77,2.15,9.09,0.8540000000000001,,,,,,,,645.0
1691446694.3875813,0.0,-101.44,-16.03,8.77,2.15,9.09,0.8540000000000001,,,,,,,,645.0
1691446694.3975813,0.0,-101.13,-15.94,8.77,2.15,9.09,0.8540000000000001,,,,,,,,645.0
1691446694.4075813,0.0,-100.41,-15.5,8.77,2.15,9.09,0.8540000000000001,,,,,,,,133.0
1691446694.4175813,0.0,-100.41,-15.5,8.77,2.15,9.09,0.8540000000000001,,,,,,,,133.0
1691446694.4275813,0.0,-100.41,-15.5,8.77,2.15,9.09,0.8540000000000001,,,,,,,,157.0
1691446694.4375813,72.1415,-100.41,-15.5,8.77,2.15,9.09,0.8540000000000001,,,,,,,,157.0
1691446694.4475813,0.0,-100.97,-15.44,21.83,7.08,9.09,0.8540000000000001,,,,,,,,157.0
1691446694.4575813,0.0,-100.97,-15.44,21.83,7.08,9.09,0.8540000000000001,,,,,,,,157.0
1691446694.4675813,0.0,-101.06,-15.44,21.83,7.08,20.0,0.8540000000000001,,,,,,,,157.0
1691446694.4775813,0.0,-101.06,-15.44,21.83,7.08,20.0,0.8540000000000001,,,,,,,,157.0
1691446694.4875813,0.0,-101.06,-15.44,21.83,7.08,20.0,0.8540000000000001,,,,,,,,717.0
1691446694.4975812,0.0,-101.38,-14.25,21.83,7.08,20.0,0.8540000000000001,,,,,,,,903.0
1691446694.5075812,0.0,-101.38,-14.25,21.83,7.08,20.0,0.8540000000000001,,,,,,,,903.0
1691446694.5175812,0.0,-101.69,-14.94,21.83,7.08,20.0,0.8540000000000001,,,,,,,,903.0
1691446694.5275812,0.0,-102.63,-16.25,21.83,7.08,20.0,0.8540000000000001,,,,,,,,903.0
1691446694.5375812,0.0,-103.19,-15.75,22.27,13.39,20.0,0.8540000000000001,,,,,,,,469.0
1691446694.5475812,0.0,-103.56,-17.81,22.27,13.39,33.33,0.8540000000000001,,,,,,,,903.0
1691446694.5575812,0.0,-103.56,-17.81,22.27,13.39,33.33,0.8540000000000001,,,,,,,,807.0
1691446694.5675812,0.0,-103.31,-16.0,22.27,13.39,33.33,0.8540000000000001,,,,,,,,807.0
1691446694.5775812,0.0,-103.25,-16.5,20.9,13.17,18.18,0.8540000000000001,,,,,,,,517.0
1691446694.5875812,0.0,-103.25,-16.5,20.9,13.17,18.18,0.8540000000000001,,,,,,,,999.0
1691446694.5975811,0.0,-103.25,-17.25,20.9,13.17,18.18,0.8540000000000001,,,,,,,,749.0
1691446694.6075811,0.0,-102.75,-17.38,20.9,13.17,18.18,0.8540000000000001,,,,,,,,807.0
1691446694.6175814,0.0,-102.19,-16.69,20.29,15.67,41.18,0.8540000000000001,,,,,,,,903.0
1691446694.6275814,0.0,-102.0,-17.63,20.29,15.67,41.18,0.8540000000000001,,,,,,,,233.0
1691446694.6375813,0.0,-102.0,-17.63,20.29,15.67,41.18,0.8540000000000001,,,,,,,,233.0
1691446694.6475813,0.0,-101.38,-16.31,20.29,15.67,27.78,0.8540000000000001,,,,,,,,32.0
1691446694.6575813,0.0,-101.81,-15.72,17.94,12.81,27.78,0.8540000000000001,,,,,,,,32.0
1691446694.6675813,0.0,-101.81,-15.72,17.94,12.81,27.78,0.8540000000000001,,,,,,,,469.0
1691446694.6775813,0.0,-101.81,-15.72,17.94,12.81,27.78,0.8540000000000001,,,,,,,,573.0
1691446694.6875813,0.0,-101.81,-15.72,17.94,12.81,27.78,0.8540000000000001,,,,,,,,485.0
1691446694.6975813,0.0,-101.81,-15.72,17.94,12.81,27.78,0.8540000000000001,,,,,,,,645.0
1691446694.7075813,0.0,-102.44,-17.38,17.94,12.81,33.33,0.8540000000000001,,,,,,,,645.0
1691446694.7175813,0.0,-102.38,-17.31,17.94,12.81,33.33,0.8540000000000001,,,,,,,,645.0
1691446694.7275813,0.0,-101.25,-17.0,19.13,8.73,33.33,0.8540000000000001,,,,,,,,807.0
1691446694.7375813,0.0,-100.91,-16.66,19.13,8.73,33.33,0.8540000000000001,,,,,,,,469.0
1691446694.7475812,46.69,-100.91,-16.66,19.13,8.73,14.29,0.8540000000000001,,,,,,,,469.0
1691446694.7575812,16.3269,-100.91,-16.66,19.13,8.73,14.29,0.8540000000000001,,,,,,,,469.0
1691446694.7675812,0.0,-100.5,-15.31,19.13,8.73,14.29,0.8540000000000001,,,,,,,,1031.0
1691446694.7775812,0.0,-100.75,-16.13,24.14,11.56,14.29,0.8540000000000001,,,,,,,,597.0
1691446694.7875812,0.0,-100.56,-15.31,24.14,11.56,33.33,0.8540000000000001,,,,,,,,149.0
1691446694.7975812,0.0,-100.56,-15.31,24.14,11.56,33.33,0.8540000000000001,,,,,,,,807.0
1691446694.8075812,0.0,-101.0,-14.75,20.74,13.16,33.33,0.8540000000000001,,,,,,,,749.0
1691446694.8175812,1.0235,-100.94,-16.25,20.74,13.16,5.26,0.8540000000000001,,,,,,,,749.0
1691446694.8275812,4.6191,-100.94,-16.25,20.74,13.16,5.26,0.8540000000000001,,,,,,,,549.0
1691446694.8375812,2.0396,-100.44,-15.63,20.74,13.16,5.26,0.8540000000000001,,,,,,,,1287.0
1691446694.8475811,4.6251,-100.25,-16.56,22.63,15.83,5.26,0.8540000000000001,,,,,,,,1287.0
1691446694.8575811,0.0,-99.66,-14.44,22.63,15.83,33.33,0.8540000000000001,,,,,,,,967.0
1691446694.8675814,4.6195,-99.66,-14.44,22.63,15.83,33.33,0.8540000000000001,,,,,,,,669.0
1691446694.8775814,2.0423,-99.66,-14.44,22.63,15.83,33.33,0.8540000000000001,,,,,,,,669.0
1691446694.8875813,1.0259,-99.66,-14.44,22.63,15.83,33.33,0.8540000000000001,,,,,,,,807.0
1691446694.8975813,0.0,-99.97,-15.16,22.63,15.83,33.33,0.8540000000000001,,,,,,,,871.0
1691446694.9075813,3.5879,-100.13,-14.25,22.63,15.83,33.33,0.8540000000000001,,,,,,,,871.0
1691446694.9175813,2.0435,-100.13,-14.25,22.63,15.83,33.33,0.8540000000000001,,,,,,,,871.0
1691446694.9275813,0.0,-101.0,-15.91,20.93,14.88,0.0,0.8540000000000001,,,,,,,,133.0
1691446694.9375813,0.0,-101.69,-16.19,20.93,14.88,0.0,0.8540000000000001,,,,,,,,133.0
1691446694.9475813,0.0,-101.69,-16.19,20.93,14.88,0.0,0.8540000000000001,,,,,,,,133.0
1691446694.9575813,1.0225,-101.69,-16.19,20.93,14.88,0.0,0.8540000000000001,,,,,,,,113.0
1691446694.9675813,0.0,-102.09,-16.41,19.83,14.0,0.0,0.8540000000000001,,,,,,,,749.0
1691446694.9775813,0.0,-102.09,-16.41,19.83,14.0,0.0,0.8540000000000001,,,,,,,,1063.0
1691446694.9875813,1.0258,-101.75,-16.94,19.83,14.0,0.0,0.8540000000000001,,,,,,,,1031.0
1691446694.9975812,0.0,-101.75,-16.94,19.83,14.0,0.0,0.8540000000000001,,,,,,,,1031.0
1691446695.0075812,0.0,-101.75,-16.94,19.83,14.0,0.0,7.996,,,,,,,,807.0
1691446695.0175812,0.0,-102.06,-16.84,22.33,14.8,0.0,7.996,,,,,,,,717.0
1691446695.0275812,0.0,-101.94,-16.25,22.33,14.8,0.0,7.996,,,,,,,,903.0
1691446695.0375812,0.0,-101.94,-16.25,22.33,14.8,0.0,7.996,,,,,,,,967.0
1691446695.0475812,0.0,-102.13,-16.31,21.47,15.47,13.33,7.996,,,,,,,,517.0
1691446695.0575812,0.0,-102.13,-16.31,21.47,15.47,13.33,7.996,,,,,,,,903.0
1691446695.0675812,0.0,-102.19,-17.5,21.47,15.47,13.33,7.996,,,,,,,,749.0
1691446695.0775812,0.0,-102.19,-17.5,21.47,15.47,13.33,7.996,,,,,,,,645.0
1691446695.0875812,0.0,-102.19,-17.5,21.47,15.47,13.33,7.996,,,,,,,,645.0
1691446695.0975811,0.0,-102.19,-17.5,21.47,15.47,13.33,7.996,,,,,,,,645.0
1691446695.1075811,0.0,-102.06,-17.0,21.47,15.47,13.33,7.996,,,,,,,,645.0
1691446695.1175814,0.0,-102.13,-16.44,21.47,15.47,13.33,7.996,,,,,,,,749.0
1691446695.1275814,0.0,-101.94,-15.19,18.27,13.86,13.33,7.996,,,,,,,,749.0
1691446695.1375813,0.0,-101.44,-16.25,18.27,13.86,21.43,7.996,,,,,,,,749.0
1691446695.1475813,0.0,-101.44,-16.25,18.27,13.86,21.43,7.996,,,,,,,,749.0
1691446695.1575813,0.0,-101.75,-14.56,18.27,13.86,21.43,7.996,,,,,,,,749.0
1691446695.1675813,0.0,-101.75,-14.56,18.27,13.86,21.43,7.996,,,,,,,,749.0
1691446695.1775813,0.0,-101.75,-14.56,18.27,13.86,21.43,7.996,,,,,,,,749.0
1691446695.1875813,0.0,-101.75,-14.56,18.27,13.86,21.43,7.996,,,,,,,,749.0
1691446695.1975813,0.0,-101.75,-14.56,18.27,13.86,21.43,7.996,,,,,,,,749.0
1691446695.2075813,0.0,-101.75,-14.56,18.27,13.86,21.43,7.996,,,,,,,,967.0
1691446695.2175813,0.0,-101.75,-14.56,18.27,13.86,21.43,7.996,,,,,,,,693.0
1691446695.2275813,0.0,-101.75,-14.56,18.27,13.86,21.43,7.996,,,,,,,,533.0
1691446695.2375813,0.0,-110.13,-18.31,18.27,13.86,9.09,7.996,,,,,,,,967.0
1691446695.2475812,0.0,-110.13,-18.31,18.27,13.86,9.09,7.996,,,,,,,,967.0
1691446695.2575812,0.0,-108.03,-18.0,18.27,13.86,9.09,7.996,,,,,,,,9.0
1691446695.2675812,0.0,-108.19,-19.0,18.27,13.86,9.09,7.996,,,,,,,,89.0
1691446695.2775812,0.0,-108.19,-19.0,18.27,13.86,9.09,7.996,,,,,,,,89.0
1691446695.2875812,0.0,-107.97,-17.56,21.38,13.07,9.09,7.996,,,,,,,,4251.0
1691446695.2975812,0.0,-108.56,-17.63,21.38,13.07,9.09,7.996,,,,,,,,3422.0
1691446695.3075812,0.0,-108.25,-19.13,21.38,13.07,21.43,7.996,,,,,,,,2577.0
1691446695.3175812,0.0,-108.25,-19.13,21.89,53.16,21.43,7.996,,,,,,,,2673.0
1691446695.3275812,0.0,-108.53,-17.59,21.89,53.16,35.0,7.996,,,,,,,,2124.0
1691446695.3375812,0.0,-108.69,-20.19,21.89,53.16,40.0,7.996,,,,,,,,2865.0
1691446695.3475811,0.0,-108.31,-18.56,20.78,49.26,40.0,7.996,,,,,,,,2052.0
1691446695.3575811,0.0,-108.5,-17.88,20.78,49.26,40.0,7.996,,,,,,,,2196.0
1691446695.3675814,0.0,-108.63,-18.88,18.0,51.47,35.0,7.996,,,,,,,,2052.0
1691446695.3775814,1.0204,-108.81,-19.25,18.0,51.47,35.0,7.996,,,,,,,,2124.0
1691446695.3875813,164.4815,-108.63,-18.31,18.2,55.5,0.0,7.996,,,,,,,,2292.0
1691446695.3975813,0.0,-108.63,-18.31,18.2,55.5,0.0,7.996,,,,,,,,2481.0
1691446695.4075813,0.0,-108.63,-18.31,18.2,55.5,0.0,7.996,,,,,,,,1692.0
1691446695.4175813,0.0,-108.63,-18.31,18.2,55.5,10.53,7.996,,,,,,,,1692.0
1691446695.4275813,4.6168,-108.63,-18.31,18.2,55.5,10.53,7.996,,,,,,,,1692.0
1691446695.4375813,89.4837,-106.0,-17.44,18.2,53.33,,,-113.48,-17.02,,,,,,9.0
1691446695.4475813,4.6112,-106.0,-17.44,18.2,53.33,,,-113.48,-17.02,,,,,,9.0
1691446695.4575813,5.6354,-106.0,-17.44,18.2,53.33,,,-113.48,-17.02,,,,,,9.0
1691446695.4675813,10.7585,-105.88,-14.25,18.2,53.33,,,-113.48,-17.02,,,,,,9.0
1691446695.4775813,25.5923,-106.53,-17.28,18.2,53.33,,,-113.48,-17.02,,,,,,9.0
1691446695.4875813,17.9505,-106.75,-16.69,18.2,53.33,,,-113.48,-17.02,,,,,,89.0
1691446695.4975812,13.2642,-107.5,-18.69,21.22,40.22,40.0,14.667,-111.79,-15.43,25.81,11.0,2.708,2537.0,134.333,2961.0
1691446695.5075812,21.07,-107.5,-18.69,21.22,40.22,40.0,14.667,-111.79,-15.43,25.81,11.0,2.708,2537.0,134.333,1980.0
1691446695.5175812,20.9334,-107.5,-18.69,21.22,40.22,40.0,14.667,-111.79,-15.43,25.81,11.0,2.708,2537.0,134.333,2577.0
1691446695.5275812,7.6892,-107.5,-18.69,21.22,40.22,40.0,14.667,-111.79,-15.43,25.81,11.0,2.708,3713.0,183.333,2673.0
1691446695.5375812,26.5364,-107.5,-18.69,19.55,49.0,40.0,14.667,-111.79,-15.43,25.81,4.0,2.708,2178.0,180.0,3422.0
1691446695.5475812,9.7622,-107.5,-18.69,19.55,49.0,20.0,14.667,-111.79,-15.43,25.81,5.0,2.708,2688.0,200.0,2124.0
1691446695.5575812,0.0,-107.5,-18.69,19.55,49.0,20.0,14.667,-111.79,-15.43,25.81,4.0,2.708,2178.0,196.0,1908.0
1691446695.5675812,27.7201,-107.5,-18.69,19.9,46.25,35.0,14.667,-111.79,-15.43,25.81,14.5,2.708,1162.0,90.85700000000001,1692.0
1691446695.5775812,9.2105,-107.56,-19.13,19.9,46.25,35.0,14.667,-111.79,-15.43,25.81,24.0,2.708,177.0,2.0,549.0
1691446695.5875812,14.3403,-106.94,-19.44,19.9,46.25,35.0,14.667,-111.79,-15.43,25.81,20.67,2.708,197.0,2.833,549.0
1691446695.5975811,5.632000000000001,-106.63,-17.13,19.9,46.25,35.0,14.667,-111.79,-15.43,25.81,5.5,2.708,2913.0,200.0,185.0
1691446695.6075811,30.6617,-106.13,-16.31,19.9,46.25,23.53,14.667,-111.79,-15.43,14.29,6.75,6.297000000000001,3617.17,200.0,3182.0
1691446695.6175814,16.9197,-106.13,-16.31,20.32,46.0,23.53,14.667,-111.79,-15.43,14.29,6.75,6.297000000000001,3713.0,200.0,2865.0
1691446695.6275814,2.0484,-106.16,-16.81,20.32,46.0,25.0,14.667,-111.79,-15.43,14.29,3.86,6.297000000000001,2131.71,200.0,871.0
1691446695.6375813,20.9689,-106.16,-16.81,20.32,46.0,25.0,14.667,-111.79,-15.43,14.29,3.0,6.297000000000001,1761.0,200.0,2577.0
1691446695.6475813,4.6228,-106.47,-15.69,18.7,42.45,5.0,14.667,-111.79,-15.43,14.29,3.67,6.297000000000001,2039.0,200.0,1335.0
1691446695.6575813,18.3567,-106.88,-15.88,18.7,42.45,5.0,14.667,-111.79,-15.43,14.29,4.5,6.297000000000001,2433.0,200.0,1692.0
1691446695.6675813,4.6158,-107.0,-16.13,19.6,37.9,0.0,14.667,-111.79,-15.43,14.29,4.2,6.297000000000001,2348.0,200.0,2865.0
1691446695.6775813,22.8368,-107.06,-17.69,19.6,37.9,0.0,14.667,-111.79,-15.43,14.29,4.0,6.297000000000001,2178.0,200.0,1836.0
1691446695.6875813,26.855,-106.5,-17.25,17.6,44.7,15.0,14.667,-111.79,-15.43,14.29,4.5,6.297000000000001,2342.17,191.667,871.0
1691446695.6975813,12.2806,-105.69,-16.81,17.6,44.7,15.0,14.667,-111.79,-15.43,14.29,3.5,6.297000000000001,1969.5,200.0,1063.0
1691446695.7075813,14.369000000000002,-105.69,-16.81,17.6,44.7,15.0,14.667,-111.79,-15.43,13.16,3.0,4.928999999999999,1761.0,200.0,1908.0
1691446695.7175813,14.225,-105.19,-17.31,20.79,26.2,30.0,14.667,-111.79,-15.43,13.16,3.0,4.928999999999999,1761.0,200.0,1764.0
1691446695.7275813,11.3537,-105.34,-16.34,20.79,26.2,30.0,14.667,-111.79,-15.43,13.16,3.0,4.928999999999999,1761.0,200.0,1287.0
1691446695.7375813,17.9057,-105.34,-16.34,17.95,36.7,10.0,14.667,-111.79,-15.43,13.16,3.0,4.928999999999999,1761.0,200.0,1620.0
1691446695.7475812,18.3184,-105.25,-16.75,17.95,36.7,10.0,14.667,-111.79,-15.43,13.16,4.0,4.928999999999999,2178.0,179.167,2052.0
1691446695.7575812,16.9622,-105.31,-17.38,15.75,47.55,10.0,14.667,-111.79,-15.43,13.16,3.0,4.928999999999999,1761.0,200.0,2292.0
1691446695.7675812,12.3213,-105.19,-17.06,15.75,47.55,0.0,14.667,-111.79,-15.43,13.16,2.83,4.928999999999999,1552.67,187.5,1031.0
1691446695.7775812,4.093999999999999,-105.13,-18.0,19.95,23.95,0.0,14.667,-111.79,-15.43,13.16,3.0,4.928999999999999,1761.0,168.75,935.0
1691446695.7875812,24.5539,-104.94,-17.0,19.95,23.95,0.0,14.667,-111.79,-15.43,13.16,3.5,4.928999999999999,1969.5,200.0,1143.0
1691446695.7975812,8.7031,-104.63,-16.63,19.95,23.95,10.0,14.667,-110.93,-14.57,13.16,3.5,4.928999999999999,1553.0,162.5,1335.0
1691446695.8075812,23.0792,-104.63,-16.63,18.42,36.58,10.0,14.667,-110.93,-14.57,7.69,2.67,4.902,1572.75,168.75,2124.0
1691446695.8175812,9.1839,-104.56,-17.75,18.42,36.58,5.0,14.667,-110.93,-14.57,7.69,3.33,4.902,1761.0,187.333,2292.0
1691446695.8275812,18.982,-104.31,-15.75,16.45,50.2,5.0,14.667,-110.93,-14.57,7.69,3.0,4.902,1505.0,175.0,2124.0
1691446695.8375812,21.9305,-104.72,-14.72,16.45,50.2,5.0,14.667,-110.93,-14.57,7.69,4.0,4.902,2178.0,200.0,2292.0
1691446695.8475811,3.0877,-105.31,-13.5,19.4,38.4,5.0,14.667,-110.93,-14.57,7.69,3.0,4.902,1683.83,166.667,967.0
1691446695.8575811,32.2173,-105.63,-17.81,19.4,38.4,10.0,14.667,-110.93,-14.57,7.69,3.5,4.902,1625.0,168.75,1143.0
1691446695.8675814,1.0151,-105.63,-17.81,19.5,31.05,10.0,14.667,-110.93,-14.57,7.69,2.0,4.902,1344.0,200.0,1143.0
1691446695.8775814,16.9963,-105.31,-17.88,19.5,31.05,30.0,14.667,-110.93,-14.57,7.69,3.25,4.902,1505.5,162.5,1431.0
1691446695.8875813,22.0889,-104.81,-15.69,14.16,50.05,30.0,14.667,-110.93,-14.57,7.69,3.83,4.902,2034.0,191.667,1908.0
1691446695.8975813,16.3807,-104.81,-15.69,14.16,50.05,15.0,14.667,-110.93,-14.57,7.69,3.0,4.902,1761.0,200.0,1908.0
1691446695.9075813,17.9308,-104.88,-15.13,14.16,50.05,15.0,14.667,-110.93,-14.57,7.32,3.0,6.01,1761.0,200.0,2481.0
1691446695.9175813,7.6815,-104.88,-15.13,18.0,41.65,10.0,14.667,-110.93,-14.57,7.32,3.71,6.01,2072.14,200.0,1031.0
1691446695.9275813,25.6564,-105.0,-15.34,18.0,41.65,10.0,14.667,-110.93,-14.57,7.32,3.6,6.01,2231.14,200.0,1431.0
1691446695.9375813,16.3464,-105.0,-15.31,17.6,34.85,15.0,14.667,-110.93,-14.57,7.32,3.5,6.01,1697.0,175.0,2124.0
1691446695.9475813,28.7122,-105.0,-16.69,17.6,34.85,15.0,14.667,-110.93,-14.57,7.32,3.33,6.01,1718.33,183.333,2124.0
1691446695.9575813,25.5336,-105.13,-15.94,17.37,39.42,5.0,14.667,-110.15,-14.23,7.32,3.75,6.01,2073.75,200.0,1620.0
1691446695.9675813,12.2892,-105.25,-15.94,17.37,39.42,5.0,14.667,-110.15,-14.23,7.32,4.0,6.01,2178.0,200.0,2292.0
1691446695.9775813,34.28,-105.25,-15.94,17.37,39.42,15.0,14.667,-110.15,-14.23,7.32,3.0,6.01,1761.0,200.0,1620.0
1691446695.9875813,23.1116,-105.19,-17.38,18.25,40.75,15.0,14.667,-110.15,-14.23,7.32,4.75,6.01,2209.0,175.0,1239.0
1691446695.9975812,25.6359,-105.13,-16.41,18.25,40.75,10.0,14.667,-110.15,-14.23,7.32,4.0,6.01,2153.0,187.5,1383.0
1691446696.0075812,19.9122,-105.13,-16.41,15.65,49.35,10.0,14.667,-110.15,-14.23,9.52,3.33,6.689,1921.25,200.0,1465.5
1691446696.0175812,19.954,-105.25,-16.25,15.65,49.35,5.0,14.667,-110.15,-14.23,9.52,3.25,6.689,1729.0,187.5,373.0
1691446696.0275812,36.4504,-105.25,-16.25,15.65,49.35,5.0,14.667,-110.15,-14.23,9.52,4.0,6.689,2178.0,200.0,807.0
1691446696.0375812,13.6106,-105.25,-15.88,20.0,21.15,5.0,14.667,-110.15,-14.23,9.52,3.67,6.689,2039.0,200.0,717.0
1691446696.0475812,40.0127,-105.53,-15.66,14.75,44.6,5.0,14.667,-110.15,-14.23,9.52,4.8,6.689,2603.0,200.0,903.0
1691446696.0575812,24.5172,-105.53,-15.66,14.75,44.6,5.0,14.667,-110.15,-14.23,9.52,4.0,6.689,2178.0,200.0,903.0
1691446696.0675812,19.4852,-105.5,-16.63,14.75,44.6,0.0,14.667,-110.15,-14.23,9.52,4.8,6.689,2774.67,200.0,1836.0
1691446696.0775812,26.5762,-105.5,-16.63,15.95,45.75,0.0,14.667,-110.15,-14.23,9.52,4.0,6.689,2178.0,200.0,2481.0
1691446696.0875812,18.9934,-105.5,-16.63,15.95,45.75,5.0,14.667,-110.15,-14.23,9.52,5.25,6.689,2800.5,200.0,2577.0
1691446696.0975811,33.2036,-105.5,-15.56,17.3,55.4,5.0,14.667,-110.15,-14.23,9.52,4.8,6.689,2658.0,200.0,2865.0
1691446696.1075811,17.9775,-105.56,-15.63,17.3,55.4,0.0,14.667,-110.15,-14.23,5.0,5.25,9.134,2800.5,200.0,1908.0
1691446696.1175814,25.0955,-106.0,-17.88,18.6,53.2,0.0,14.667,-108.93,-13.54,5.0,4.0,9.134,2178.0,200.0,2673.0
1691446696.1275814,24.4246,-106.0,-17.88,18.6,53.2,10.0,14.667,-108.93,-13.54,5.0,5.67,9.134,3025.5,200.0,2577.0
1691446696.1375813,20.01,-105.81,-17.69,17.9,51.4,10.0,14.667,-108.93,-13.54,5.0,5.25,9.134,2800.5,200.0,2196.0
1691446696.1475813,32.0445,-105.81,-17.69,17.9,51.4,0.0,14.667,-108.93,-13.54,5.0,6.0,9.134,3138.0,200.0,2481.0
1691446696.1575813,25.2115,-105.94,-17.13,16.5,58.5,0.0,14.667,-108.93,-13.54,5.0,6.0,9.134,3138.0,200.0,2577.0
1691446696.1675813,25.6719,-105.94,-16.25,16.5,58.5,5.0,14.667,-108.93,-13.54,5.0,6.0,9.134,3138.0,200.0,2673.0
1691446696.1775813,10.1951,-105.94,-19.19,17.55,56.75,5.0,14.667,-108.93,-13.54,5.0,6.0,9.134,3138.0,200.0,2673.0
1691446696.1875813,39.666,-105.94,-19.19,17.55,56.75,0.0,14.667,-108.93,-13.54,5.0,6.0,9.134,3138.0,200.0,2865.0
1691446696.1975813,11.2382,-105.81,-16.66,18.95,54.5,0.0,14.667,-108.93,-13.54,5.0,6.0,9.134,3138.0,200.0,2673.0
1691446696.2075813,39.0134,-106.19,-15.44,18.95,54.5,10.0,14.667,-108.93,-13.54,8.11,11.25,8.927,2253.75,127.5,935.0
1691446696.2175813,3.0613,-106.19,-15.44,18.95,54.5,10.0,14.667,-108.93,-13.54,8.11,8.0,8.927,4227.0,200.0,2673.0
1691446696.2275813,17.9523,-106.63,-15.56,19.8,57.1,10.0,14.667,-108.93,-13.54,8.11,8.0,8.927,4227.0,200.0,2509.0
1691446696.2375813,20.9836,-107.06,-16.5,19.8,57.1,10.0,14.667,-108.93,-13.54,8.11,5.0,8.927,2688.0,200.0,2673.0
1691446696.2475812,25.6642,-107.25,-16.81,19.8,57.1,35.0,14.667,-108.93,-13.54,8.11,5.75,8.927,3025.5,200.0,2292.0
1691446696.2575812,26.0469,-107.25,-16.81,18.35,46.1,35.0,14.667,-108.93,-13.54,8.11,5.67,8.927,2988.0,200.0,1836.0
1691446696.2675812,8.1945,-107.38,-17.0,18.35,46.1,35.0,14.667,-108.93,-13.54,8.11,6.67,8.927,3521.33,200.0,2577.0
1691446696.2775812,14.2675,-107.38,-15.94,18.7,47.0,0.0,14.667,-108.93,-13.54,8.11,6.2,8.927,3253.0,200.0,2961.0
1691446696.2875812,26.7847,-107.19,-17.94,18.7,47.0,0.0,14.667,-108.97,-13.45,8.11,6.0,8.927,3138.0,200.0,2481.0
1691446696.2975812,18.3879,-107.0,-17.5,18.63,56.0,5.0,14.667,-108.97,-13.45,8.11,6.0,8.927,3138.0,200.0,2577.0
1691446696.3075812,13.3547,-107.03,-17.66,18.63,56.0,20.0,14.667,-108.97,-13.45,9.3,6.0,8.734,3138.0,200.0,2865.0
1691446696.3175812,26.5311,-106.56,-16.69,18.2,52.75,20.0,14.667,-108.97,-13.45,9.3,7.0,8.734,3713.0,200.0,3182.0
1691446696.3275812,15.9118,-106.56,-17.25,18.2,52.75,10.0,14.667,-108.97,-13.45,9.3,6.67,8.734,3521.33,200.0,2577.0
1691446696.3375812,28.6863,-106.56,-17.25,19.05,47.3,10.0,14.667,-108.97,-13.45,9.3,6.0,8.734,3425.5,200.0,1335.0
1691446696.3475811,2.0462,-106.88,-16.0,19.05,47.3,10.0,14.667,-108.97,-13.45,9.3,5.5,8.734,2913.0,200.0,2481.0
1691446696.3575811,40.0,-107.09,-15.94,19.05,47.3,10.0,14.667,-108.97,-13.45,9.3,5.75,8.734,3025.5,200.0,1980.0
1691446696.3675814,16.3415,-107.19,-15.69,17.2,56.4,20.0,14.667,-108.97,-13.45,9.3,5.0,8.734,2763.0,200.0,1908.0
1691446696.3775814,19.8944,-107.38,-14.81,17.2,56.4,20.0,14.667,-108.97,-13.45,9.3,5.0,8.734,2688.0,200.0,2481.0
1691446696.3875813,30.369,-106.94,-14.25,17.32,42.1,10.0,14.667,-108.97,-13.45,9.3,4.0,8.734,2433.0,200.0,2292.0
1691446696.3975813,8.5948,-106.81,-15.63,17.32,42.1,10.0,14.667,-108.97,-13.45,9.3,4.5,8.734,2433.0,200.0,2292.0
1691446696.4075813,40.3965,-106.81,-15.63,17.32,42.1,10.0,14.667,-108.97,-13.45,10.53,4.5,6.858,2433.0,200.0,903.0
1691446696.4175813,16.3578,-107.06,-15.31,19.1,43.4,0.0,14.667,-108.97,-13.45,10.53,3.75,6.858,2196.6,200.0,999.0
1691446696.4275813,28.7727,-107.06,-15.31,21.45,25.1,5.0,14.667,-108.97,-13.45,10.53,4.25,6.858,2400.6,200.0,1431.0
1691446696.4375813,9.1665,-106.5,-15.47,21.45,25.1,5.0,14.667,-108.42,-13.11,10.53,5.0,6.858,2688.0,200.0,2481.0
1691446696.4475813,30.8558,-106.44,-14.5,19.35,41.9,0.0,14.667,-108.42,-13.11,10.53,5.2,6.858,2753.0,200.0,1383.0
1691446696.4575813,22.0557,-106.44,-14.5,19.35,41.9,0.0,14.667,-108.42,-13.11,10.53,4.0,6.858,2658.0,200.0,2577.0
1691446696.4675813,15.8466,-106.75,-16.44,19.35,41.9,0.0,14.667,-108.42,-13.11,10.53,4.0,6.858,2178.0,200.0,1764.0
1691446696.4775813,0.0,-106.53,-15.44,18.35,49.9,25.0,14.667,-108.42,-13.11,10.53,3.5,6.858,1969.5,200.0,2865.0
1691446696.4875813,29.7287,-105.81,-13.75,18.35,49.9,0.0,14.667,-108.42,-13.11,10.53,4.67,6.858,2518.0,200.0,2961.0
1691446696.4975812,17.8593,-105.63,-14.31,20.0,49.9,0.0,14.667,-108.42,-13.11,10.53,5.0,6.858,2688.0,200.0,1620.0
1691446696.5075812,27.773000000000003,-105.63,-14.31,20.0,49.9,0.0,14.667,-108.42,-13.11,7.69,5.0,8.2,2688.0,200.0,1692.0
1691446696.5175812,30.6679,-105.63,-15.19,20.0,49.9,15.0,14.667,-108.42,-13.11,7.69,4.8,8.2,2586.0,200.0,1908.0
1691446696.5275812,4.6209,-106.06,-16.22,17.35,51.6,11.11,14.667,-108.42,-13.11,7.69,4.29,8.2,2323.71,200.0,1335.0
1691446696.5375812,24.3761,-106.06,-16.22,17.35,51.6,11.11,14.667,-108.42,-13.11,7.69,5.0,8.2,2688.0,200.0,2124.0
1691446696.5475812,14.4342,-106.38,-17.06,16.16,49.05,11.11,14.667,-108.42,-13.11,7.69,6.0,8.2,3138.0,200.0,2865.0
1691446696.5575812,24.0929,-106.44,-16.13,16.16,49.05,5.0,14.667,-108.42,-13.11,7.69,6.5,8.2,3425.5,200.0,2961.0
1691446696.5675812,24.5465,-106.5,-15.69,17.75,56.5,20.0,14.667,-108.42,-13.11,7.69,7.0,8.2,3713.0,200.0,1908.0
1691446696.5775812,26.5868,-106.56,-16.69,17.75,56.5,20.0,14.667,-108.42,-13.11,7.69,5.0,8.2,2688.0,200.0,2865.0
1691446696.5875812,14.3619,-106.56,-16.69,18.65,46.45,20.0,14.667,-108.42,-13.11,7.69,5.0,8.2,2688.0,200.0,1431.0
1691446696.5975811,42.8196,-106.56,-16.69,18.65,46.45,10.0,14.667,-108.53,-13.13,7.69,5.33,8.2,2838.0,200.0,2292.0
1691446696.6075811,9.2372,-105.41,-14.81,18.45,32.85,0.0,14.667,-108.53,-13.13,7.32,5.5,9.316,2945.14,200.0,1335.0
1691446696.6175814,11.7819,-105.41,-14.81,18.45,32.85,0.0,14.667,-108.53,-13.13,7.32,5.5,9.316,2945.14,200.0,1431.0
1691446696.6275814,19.9083,-105.81,-14.63,18.45,32.85,0.0,14.667,-108.53,-13.13,7.32,4.75,9.316,2560.5,200.0,1063.0
1691446696.6375813,21.0299,-106.16,-15.81,20.5,22.6,15.0,14.667,-108.53,-13.13,7.32,5.5,9.316,2913.0,200.0,1620.0
1691446696.6475813,25.6564,-106.31,-14.81,20.5,22.6,15.0,14.667,-108.53,-13.13,7.32,6.0,9.316,3138.0,200.0,2292.0
1691446696.6575813,16.8926,-106.25,-15.5,15.8,55.3,0.0,14.667,-108.53,-13.13,7.32,6.0,9.316,3138.0,200.0,2481.0
1691446696.6675813,15.279000000000002,-106.25,-15.5,15.8,55.3,0.0,14.667,-108.53,-13.13,7.32,5.0,9.316,2688.0,200.0,1836.0
1691446696.6775813,5.6575,-106.06,-14.13,20.65,39.85,5.0,14.667,-108.53,-13.13,7.32,5.33,9.316,2838.0,200.0,1764.0
1691446696.6875813,28.7122,-106.13,-16.38,20.65,39.85,5.0,14.667,-108.53,-13.13,7.32,6.33,9.316,3371.33,200.0,1431.0
1691446696.6975813,34.1639,-105.63,-17.97,21.9,24.7,20.0,14.667,-108.53,-13.13,7.32,7.4,9.316,3970.0,200.0,1191.0
1691446696.7075813,12.3336,-105.63,-17.97,21.9,24.7,20.0,14.667,-108.53,-13.13,14.29,7.33,7.664,3954.75,200.0,1836.0
1691446696.7175813,34.1673,-104.78,-16.84,18.26,44.26,5.26,14.667,-108.53,-13.13,14.29,7.0,7.664,3713.0,200.0,1620.0
1691446696.7275813,14.359000000000002,-104.63,-14.31,18.26,44.26,5.26,14.667,-108.53,-13.13,14.29,5.0,7.664,3200.5,200.0,2292.0
1691446696.7375813,26.631999999999998,-104.81,-16.06,18.9,56.5,0.0,14.667,-108.53,-13.13,14.29,5.33,7.664,2838.0,200.0,2865.0
1691446696.7475812,23.0654,-104.38,-16.19,18.9,56.5,10.0,14.667,-108.53,-13.13,14.29,6.0,7.664,3138.0,200.0,1527.0
1691446696.7575812,31.2226,-104.38,-16.19,18.9,56.5,10.0,14.667,-109.16,-13.47,14.29,6.0,7.664,3138.0,200.0,1287.0
1691446696.7675812,17.3733,-104.81,-16.25,21.7,27.7,40.0,14.667,-109.16,-13.47,14.29,4.8,7.664,2678.0,200.0,1692.0
1691446696.7775812,23.5803,-104.81,-14.19,21.7,27.7,40.0,14.667,-109.16,-13.47,14.29,4.0,7.664,2433.0,200.0,1908.0
1691446696.7875812,28.7122,-104.56,-15.75,16.3,52.5,0.0,14.667,-109.16,-13.47,14.29,3.83,7.664,2039.0,193.667,2577.0
1691446696.7975812,9.6806,-104.5,-18.31,16.3,52.5,0.0,14.667,-109.16,-13.47,14.29,4.0,7.664,2178.0,200.0,1143.0
1691446696.8075812,15.8403,-104.5,-18.31,19.7,34.55,0.0,14.667,-109.16,-13.47,10.53,4.5,6.95,2433.0,200.0,1239.0
1691446696.8175812,41.1658,-104.38,-18.06,19.7,34.55,0.0,14.667,-109.16,-13.47,10.53,4.0,6.95,2025.5,187.5,3182.0
1691446696.8275812,12.3003,-104.41,-16.22,20.8,42.6,0.0,14.667,-109.16,-13.47,10.53,3.75,6.95,2073.75,200.0,3182.0
1691446696.8375812,19.4716,-104.69,-14.19,20.8,42.6,10.0,14.667,-109.16,-13.47,10.53,4.0,6.95,2178.0,200.0,2481.0
1691446696.8475811,27.6895,-104.69,-14.19,20.8,42.6,10.0,14.667,-109.16,-13.47,10.53,4.5,6.95,2433.0,200.0,2481.0
1691446696.8575811,24.5343,-104.81,-15.63,18.55,54.3,5.0,14.667,-109.16,-13.47,10.53,4.75,6.95,2484.0,198.4,2481.0
1691446696.8675814,12.2892,-104.94,-12.88,18.55,54.3,5.0,14.667,-109.16,-13.47,10.53,5.33,6.95,2818.0,200.0,1620.0
1691446696.8775814,37.2308,-105.19,-15.13,18.55,54.3,10.0,14.667,-109.16,-13.47,10.53,5.0,6.95,2898.0,200.0,2124.0
1691446696.8875813,20.0522,-105.25,-16.25,19.25,55.1,10.0,14.667,-109.16,-13.47,10.53,5.0,6.95,2688.0,200.0,2052.0
1691446696.8975813,15.872,-105.5,-14.69,18.25,51.9,15.0,14.667,-109.16,-13.47,10.53,4.8,6.95,2603.0,200.0,2124.0
1691446696.9075813,7.6555,-105.66,-16.69,18.25,51.9,15.0,14.667,-109.16,-13.47,7.5,4.33,8.607999999999999,2433.0,200.0,2673.0
1691446696.9175813,43.1374,-105.56,-17.0,18.4,52.1,0.0,14.667,-107.69,-12.88,7.5,4.0,8.607999999999999,2178.0,200.0,2673.0
1691446696.9275813,11.2798,-105.56,-17.0,18.4,52.1,0.0,14.667,-107.69,-12.88,7.5,4.83,8.607999999999999,2603.0,200.0,1692.0
1691446696.9375813,37.2716,-105.69,-16.75,19.6,43.55,0.0,14.667,-107.69,-12.88,7.5,7.0,8.607999999999999,3713.0,200.0,2865.0
1691446696.9475813,13.3333,-105.44,-15.63,19.6,43.55,20.0,14.667,-107.69,-12.88,7.5,6.0,8.607999999999999,3138.0,200.0,1980.0
1691446696.9575813,1.0219,-105.31,-16.69,19.6,43.55,20.0,14.667,-107.69,-12.88,7.5,6.0,8.607999999999999,3138.0,200.0,1143.0
1691446696.9675813,35.9442,-105.44,-16.88,18.15,42.3,20.0,14.667,-107.69,-12.88,7.5,6.0,8.607999999999999,3138.0,200.0,2292.0
1691446696.9775813,23.9968,-105.38,-15.38,18.15,42.3,5.0,14.667,-107.69,-12.88,7.5,6.0,8.607999999999999,3138.0,200.0,1692.0
1691446696.9875813,34.4038,-105.38,-15.38,18.37,41.15,5.0,14.667,-107.69,-12.88,7.5,5.33,8.607999999999999,2761.75,187.5,1572.0
1691446696.9975812,34.2834,-105.25,-15.44,18.37,41.15,10.0,14.667,-107.69,-12.88,7.5,6.5,8.607999999999999,3456.75,200.0,2481.0
1691446697.0075812,2.0488,-105.25,-17.38,18.25,43.45,10.0,12.636,-107.69,-12.88,4.76,6.0,11.009,3138.0,200.0,1572.0
1691446697.0175812,34.7916,-105.5,-16.44,18.25,43.45,0.0,12.636,-107.69,-12.88,4.76,7.0,11.009,3713.0,200.0,2865.0
1691446697.0275812,22.0425,-105.63,-17.44,18.25,43.45,0.0,12.636,-107.69,-12.88,4.76,6.0,11.009,3138.0,200.0,2124.0
1691446697.0375812,28.6462,-105.56,-15.94,19.9,42.25,5.0,12.636,-107.69,-12.88,4.76,6.63,11.009,3497.38,200.0,1598.0
1691446697.0475812,22.0469,-105.88,-16.28,23.2,28.1,30.0,12.636,-107.69,-12.88,4.76,7.0,11.009,3713.0,200.0,2052.0
1691446697.0575812,3.5789999999999997,-105.81,-18.81,23.2,28.1,30.0,12.636,-107.69,-12.88,4.76,7.0,11.009,3713.0,200.0,2385.0
1691446697.0675812,26.2228,-105.63,-16.13,23.2,28.1,30.0,12.636,-107.69,-12.88,4.76,7.0,11.009,3713.0,200.0,1620.0
1691446697.0775812,4.1449,-105.56,-16.06,16.75,52.95,10.0,12.636,-106.33,-12.4,4.76,7.0,11.009,3713.0,200.0,1836.0
1691446697.0875812,26.7363,-105.56,-17.13,17.35,49.15,5.0,12.636,-106.33,-12.4,4.76,16.0,11.009,1949.0,101.0,1764.0
1691446697.0975811,55.1801,-105.56,-17.13,17.35,49.15,5.0,12.636,-106.33,-12.4,4.76,14.0,11.009,7813.0,200.0,1431.0
1691446697.1075811,26.6881,-105.56,-17.13,17.35,49.15,5.0,12.636,-106.33,-12.4,10.53,14.0,13.225,7813.0,200.0,1479.0
1691446697.1175814,17.8842,-105.5,-17.81,17.35,49.15,25.0,12.636,-106.33,-12.4,10.53,8.33,13.225,5763.4,200.0,2052.0
1691446697.1275814,3.0735,-105.53,-16.0,17.35,41.65,25.0,12.636,-106.33,-12.4,10.53,8.71,13.225,4591.29,200.0,1431.0
1691446697.1375813,25.6128,-106.0,-16.19,15.3,50.25,0.0,12.636,-106.33,-12.4,10.53,9.0,13.225,4737.0,200.0,2292.0
1691446697.1475813,23.0677,-106.5,-16.81,15.3,50.25,0.0,12.636,-106.33,-12.4,10.53,9.17,13.225,4737.0,200.0,1764.0
1691446697.1575813,24.5123,-106.5,-16.81,15.3,50.25,5.0,12.636,-106.33,-12.4,10.53,11.0,13.225,5379.0,200.0,2292.0
1691446697.1675813,38.0058,-106.94,-17.53,18.95,39.2,5.0,12.636,-106.33,-12.4,10.53,10.25,13.225,5122.2,200.0,2292.0
1691446697.1775813,2.0439,-106.94,-17.53,18.95,39.2,5.0,12.636,-106.33,-12.4,10.53,9.33,13.225,4737.0,200.0,807.0
1691446697.1875813,29.6574,-106.69,-17.94,18.65,38.5,5.0,12.636,-106.33,-12.4,10.53,11.75,13.225,3829.8,160.6,903.0
1691446697.1975813,17.9308,-106.06,-18.75,18.65,38.5,5.0,12.636,-106.33,-12.4,10.53,10.25,13.225,4897.5,200.0,2292.0
1691446697.2075813,29.7525,-106.06,-18.75,18.65,38.5,5.0,12.636,-106.33,-12.4,12.5,15.0,9.979,2947.5,108.75,2052.0
1691446697.2175813,25.5489,-106.22,-18.81,18.25,47.5,30.0,12.636,-106.33,-12.4,12.5,11.0,9.979,5379.0,200.0,1383.0
1691446697.2275813,16.4152,-106.19,-18.31,18.25,47.5,30.0,12.636,-106.33,-12.4,12.5,10.33,9.979,4951.0,200.0,1287.0
1691446697.2375813,36.8198,-106.25,-18.44,16.16,41.1,5.0,12.636,-104.88,-11.9,12.5,9.0,9.979,5058.0,200.0,1620.0
1691446697.2475812,13.3133,-106.25,-18.44,16.16,41.1,5.0,12.636,-104.88,-11.9,12.5,9.0,9.979,4737.0,200.0,1764.0
1691446697.2575812,27.6508,-106.25,-18.06,16.65,50.4,5.0,12.636,-104.88,-11.9,12.5,11.0,9.979,5379.0,200.0,871.0
1691446697.2675812,12.2868,-106.44,-17.44,16.65,50.4,5.0,12.636,-104.88,-11.9,12.5,17.0,9.979,2420.14,87.429,2673.0
1691446697.2775812,14.3432,-106.13,-16.63,18.4,43.5,10.0,12.636,-104.88,-11.9,12.5,20.0,9.979,201.0,3.0,2292.0
1691446697.2875812,34.3177,-106.63,-16.69,18.4,43.5,10.0,12.636,-104.88,-11.9,12.5,18.25,9.979,1879.0,52.25,2196.0
1691446697.2975812,29.693,-106.5,-18.13,18.0,50.4,10.0,12.636,-104.88,-11.9,12.5,8.33,9.979,5025.0,200.0,645.0
1691446697.3075812,26.6453,-106.5,-18.13,18.0,50.4,0.0,12.636,-104.88,-11.9,15.0,8.33,10.347000000000001,4482.0,200.0,1908.0
1691446697.3175812,12.2561,-106.25,-17.0,18.6,52.35,0.0,12.636,-104.88,-11.9,15.0,8.67,10.347000000000001,4567.0,200.0,2124.0
1691446697.3275812,21.0404,-106.22,-15.28,18.6,52.35,0.0,12.636,-104.88,-11.9,15.0,10.0,10.347000000000001,3631.4,165.4,2865.0
1691446697.3375812,15.3309,-106.44,-17.19,18.6,52.35,0.0,12.636,-104.88,-11.9,15.0,18.75,10.347000000000001,4011.0,101.25,1239.0
1691446697.3475811,21.0235,-106.25,-16.0,19.35,38.2,15.0,12.636,-104.88,-11.9,15.0,7.5,10.347000000000001,6532.0,200.0,1692.0
1691446697.3575811,23.5496,-106.0,-16.31,19.3,44.4,0.0,12.636,-104.88,-11.9,15.0,7.0,10.347000000000001,3713.0,200.0,2673.0
1691446697.3675814,2.0439,-105.69,-17.0,19.3,44.4,0.0,12.636,-104.88,-11.9,15.0,6.0,10.347000000000001,3138.0,200.0,1836.0
1691446697.3775814,42.1315,-105.69,-17.56,19.3,44.4,25.0,12.636,-104.88,-11.9,15.0,7.0,10.347000000000001,3713.0,200.0,1980.0
1691446697.3875813,36.8456,-105.69,-17.56,17.45,51.1,25.0,12.636,-104.88,-11.9,15.0,7.0,10.347000000000001,3713.0,200.0,1572.0
1691446697.3975813,28.6205,-105.25,-17.72,17.45,51.1,10.0,12.636,-105.63,-12.27,15.0,7.0,10.347000000000001,3713.0,200.0,41.0
1691446697.4075813,35.254,-104.56,-18.13,17.7,34.65,10.0,12.636,-105.63,-12.27,14.29,7.17,10.63,3734.67,196.667,1692.0
1691446697.4175813,6.6647,-104.13,-18.31,17.7,34.65,10.0,12.636,-105.63,-12.27,14.29,7.0,10.63,3617.0,196.0,1143.0
1691446697.4275813,25.6719,-104.13,-18.31,17.7,34.65,10.0,12.636,-105.63,-12.27,14.29,7.0,10.63,3713.0,200.0,1908.0
1691446697.4375813,14.3074,-104.25,-13.5,17.6,42.05,10.0,12.636,-105.63,-12.27,14.29,8.0,10.63,4227.0,200.0,1287.0
1691446697.4475813,29.7376,-104.56,-15.38,16.05,51.55,10.0,12.636,-105.63,-12.27,14.29,7.57,10.63,4034.25,200.0,1287.0
1691446697.4575813,23.4605,-104.63,-18.44,16.05,51.55,0.0,12.636,-105.63,-12.27,14.29,8.0,10.63,4227.0,200.0,1996.0
1691446697.4675813,17.4376,-104.31,-16.75,16.05,51.55,0.0,12.636,-105.63,-12.27,14.29,7.0,10.63,3798.67,200.0,453.0
1691446697.4775813,47.6351,-103.94,-18.75,17.75,42.05,20.0,12.636,-105.63,-12.27,14.29,7.0,10.63,3713.0,200.0,1980.0
1691446697.4875813,16.2321,-103.31,-18.0,17.75,42.05,20.0,12.636,-105.63,-12.27,14.29,6.75,10.63,3585.17,198.667,1431.0
1691446697.4975812,11.1616,-102.69,-18.44,20.15,35.5,20.0,12.636,-105.63,-12.27,14.29,8.0,10.63,4225.0,200.0,1572.0
1691446697.5075812,25.708000000000002,-101.94,-17.25,20.15,35.5,15.0,12.636,-105.63,-12.27,5.41,8.0,12.59,4227.0,200.0,1431.0
1691446697.5175812,25.5744,-101.63,-17.31,20.15,35.5,15.0,12.636,-105.63,-12.27,5.41,9.0,12.59,4674.5,196.0,1143.0
1691446697.5275812,20.018,-101.44,-18.5,20.2,26.4,5.0,12.636,-105.63,-12.27,5.41,9.0,12.59,4737.0,200.0,1431.0
1691446697.5375812,15.3156,-100.75,-15.63,20.2,26.4,5.0,12.636,-105.63,-12.27,5.41,8.0,12.59,4227.0,200.0,2385.0
1691446697.5475812,33.417,-100.75,-14.13,18.65,47.0,0.0,12.636,-105.63,-12.27,5.41,8.67,12.59,4567.0,200.0,3182.0
1691446697.5575812,4.055,-101.13,-15.38,18.65,47.0,0.0,12.636,-106.45,-12.52,5.41,9.0,12.59,4737.0,200.0,935.0
1691446697.5675812,30.4793,-101.13,-15.38,21.3,38.2,5.0,12.636,-106.45,-12.52,5.41,22.0,12.59,376.5,5.25,1431.0
1691446697.5775812,37.179,-100.81,-16.44,21.3,38.2,5.0,12.636,-106.45,-12.52,5.41,13.0,12.59,6913.0,200.0,1335.0
1691446697.5875812,4.6256,-100.75,-15.88,21.85,22.8,5.0,12.636,-106.45,-12.52,5.41,9.33,12.59,4737.0,200.0,807.0
1691446697.5975811,28.6348,-100.5,-14.38,21.85,22.8,5.0,12.636,-106.45,-12.52,5.41,11.2,12.59,3946.4,162.4,935.0
1691446697.6075811,36.9712,-100.75,-15.31,21.85,22.8,0.0,12.636,-106.45,-12.52,9.76,9.0,11.815,4737.0,200.0,2052.0
1691446697.6175814,25.0454,-100.75,-15.31,25.25,23.3,0.0,12.636,-106.45,-12.52,9.76,8.8,11.815,4558.0,196.0,2124.0
1691446697.6275814,22.5709,-101.88,-15.44,21.05,54.05,5.0,12.636,-106.45,-12.52,9.76,8.8,11.815,4635.0,200.0,2577.0
1691446697.6375813,2.0441,-102.25,-18.25,21.05,54.05,5.0,12.636,-106.45,-12.52,9.76,18.0,11.815,1707.67,68.333,1908.0
1691446697.6475813,40.0361,-101.63,-15.0,21.05,54.05,20.0,12.636,-106.45,-12.52,9.76,20.0,11.815,195.67,2.667,1335.0
1691446697.6575813,21.948,-101.69,-16.31,23.2,31.25,20.0,12.636,-106.45,-12.52,9.76,12.33,11.815,6300.2,200.0,935.0
1691446697.6675813,42.9865,-101.69,-17.19,23.2,31.25,20.0,12.636,-106.45,-12.52,9.76,9.0,11.815,5462.33,200.0,1335.0
1691446697.6775813,10.2267,-101.0,-15.09,24.7,18.3,10.0,12.636,-106.45,-12.52,9.76,7.33,11.815,3884.33,200.0,1239.0
1691446697.6875813,16.4548,-100.94,-17.19,24.7,18.3,0.0,12.636,-106.45,-12.52,9.76,7.5,11.815,3970.0,200.0,185.0
1691446697.6975813,11.2281,-100.94,-17.19,22.25,33.0,0.0,12.636,-106.45,-12.52,9.76,7.0,11.815,3713.0,200.0,3182.0
1691446697.7075813,27.7368,-100.81,-15.97,22.25,33.0,15.0,12.636,-106.45,-12.52,0.0,7.5,12.958,3921.5,198.0,1095.0
1691446697.7175813,9.6825,-100.63,-15.88,21.35,39.85,15.0,12.636,-105.91,-12.63,0.0,8.75,12.958,4609.5,200.0,2196.0
1691446697.7275813,9.2567,-100.81,-16.81,18.75,50.25,25.0,12.636,-105.91,-12.63,0.0,8.67,12.958,4567.0,200.0,2673.0
1691446697.7375813,1.0195,-100.88,-18.31,18.75,50.25,25.0,12.636,-105.91,-12.63,0.0,16.5,12.958,2206.0,101.0,469.0
1691446697.7475812,39.0448,-100.88,-18.31,18.75,50.25,15.79,12.636,-105.91,-12.63,0.0,9.0,12.958,4737.0,200.0,389.0
1691446697.7575812,32.6993,-100.06,-15.88,22.16,22.68,15.79,12.636,-105.91,-12.63,0.0,8.5,12.958,4482.0,200.0,1383.0
1691446697.7675812,22.6071,-99.19,-14.38,24.2,22.65,0.0,12.636,-105.91,-12.63,0.0,8.83,12.958,4652.0,200.0,1692.0
1691446697.7775812,25.0329,-99.19,-14.38,24.2,22.65,0.0,12.636,-105.91,-12.63,0.0,9.0,12.958,4737.0,200.0,157.0
1691446697.7875812,24.6376,-99.19,-14.38,24.2,22.65,5.0,12.636,-105.91,-12.63,0.0,9.0,12.958,4737.0,200.0,2577.0
1691446697.7975812,17.415,-98.19,-16.19,24.2,22.65,5.0,12.636,-105.91,-12.63,0.0,16.2,12.958,2297.4,81.8,3182.0
1691446697.8075812,24.5465,-97.81,-12.5,22.85,35.85,15.0,12.636,-105.91,-12.63,15.0,12.0,11.029000000000002,6401.67,200.0,1836.0
1691446697.8175812,35.328,-98.0,-16.0,22.85,35.85,15.0,12.636,-105.91,-12.63,15.0,10.33,11.029000000000002,5218.5,200.0,2961.0
1691446697.8275812,22.537,-98.0,-16.0,19.8,50.9,15.0,12.636,-105.91,-12.63,15.0,9.0,11.029000000000002,4737.0,200.0,3422.0
1691446697.8375812,19.9083,-97.88,-14.13,19.8,50.9,25.0,12.636,-105.91,-12.63,15.0,8.0,11.029000000000002,4227.0,200.0,807.0
1691446697.8475811,29.7913,-97.94,-13.56,18.55,30.4,75.0,12.636,-105.91,-12.63,15.0,17.38,11.029000000000002,2368.88,73.875,1239.0
1691446697.8575811,29.5365,-97.88,-13.69,18.55,30.4,10.0,12.636,-105.91,-12.63,15.0,9.0,11.029000000000002,5356.5,198.667,1692.0
1691446697.8675814,38.1052,-97.72,-13.72,20.5,17.55,15.0,12.636,-105.91,-12.63,15.0,7.5,11.029000000000002,4045.5,200.0,55.0
1691446697.8775814,30.7231,-97.94,-13.81,20.5,17.55,15.0,12.636,-106.59,-12.63,15.0,8.0,11.029000000000002,4227.0,200.0,1335.0
1691446697.8875813,20.9773,-97.94,-15.81,18.05,25.2,10.0,12.636,-106.59,-12.63,15.0,8.33,11.029000000000002,4397.0,200.0,903.0
1691446697.8975813,13.2934,-97.94,-15.81,18.05,25.2,10.0,12.636,-106.59,-12.63,15.0,8.0,11.029000000000002,4227.0,200.0,1287.0
1691446697.9075813,24.6031,-97.81,-16.13,18.05,25.2,10.0,12.636,-106.59,-12.63,7.32,8.0,13.298,4188.2,198.4,1572.0
1691446697.9175813,29.6871,-98.06,-13.94,17.0,38.9,0.0,12.636,-106.59,-12.63,7.32,8.5,13.298,4482.0,200.0,1692.0
1691446697.9275813,26.624000000000002,-98.13,-16.81,17.0,38.9,0.0,12.636,-106.59,-12.63,7.32,8.67,13.298,4609.5,200.0,1764.0
1691446697.9375813,9.1903,-98.13,-16.81,18.65,39.15,0.0,12.636,-106.59,-12.63,7.32,8.67,13.298,4567.0,200.0,1572.0
1691446697.9475813,45.1192,-97.81,-16.0,18.65,39.15,0.0,12.636,-106.59,-12.63,7.32,9.0,13.298,4737.0,200.0,1239.0
1691446697.9575813,9.2022,-97.81,-16.0,18.55,37.55,0.0,12.636,-106.59,-12.63,7.32,11.5,13.298,4481.88,165.375,2292.0
1691446697.9675813,42.1611,-97.25,-16.0,18.55,37.55,0.0,12.636,-106.59,-12.63,7.32,8.0,13.298,5570.0,200.0,1572.0
1691446697.9775813,9.6941,-97.5,-15.94,19.1,39.15,0.0,12.636,-106.59,-12.63,7.32,8.0,13.298,4227.0,200.0,1431.0
1691446697.9875813,40.0883,-97.94,-11.5,19.1,39.15,0.0,12.636,-106.59,-12.63,7.32,8.5,13.298,4482.0,200.0,1479.0
1691446697.9975812,28.5948,-97.94,-11.5,17.9,41.7,5.0,12.636,-106.59,-12.63,7.32,8.0,13.298,4227.0,200.0,3182.0
1691446698.0075812,24.6277,-98.56,-16.0,17.9,41.7,0.0,15.386,-106.59,-12.63,5.0,8.0,11.807,4227.0,200.0,3422.0
1691446698.0175812,37.3275,-98.75,-13.31,18.7,59.85,0.0,15.386,-106.59,-12.63,5.0,8.5,11.807,4482.0,200.0,3422.0
1691446698.0275812,11.2561,-98.75,-13.31,18.7,59.85,0.0,15.386,-106.59,-12.63,5.0,14.5,11.807,2469.0,101.5,3182.0
1691446698.0375812,21.8651,-99.13,-14.81,19.9,59.45,0.0,15.386,-105.89,-12.27,5.0,20.0,11.807,201.0,3.0,1431.0
1691446698.0475812,34.5981,-99.44,-13.19,19.9,59.45,0.0,15.386,-105.89,-12.27,5.0,12.0,11.807,7385.0,200.0,1335.0
1691446698.0575812,19.9003,-99.44,-13.19,19.9,59.45,5.0,15.386,-105.89,-12.27,5.0,9.0,11.807,4737.0,200.0,717.0
1691446698.0675812,19.1228,-99.69,-14.88,23.65,23.55,5.0,15.386,-105.89,-12.27,5.0,8.6,11.807,4533.0,200.0,1383.0
1691446698.0775812,26.7754,-99.69,-14.88,23.65,23.55,5.0,15.386,-105.89,-12.27,5.0,8.6,11.807,4533.0,200.0,2196.0
1691446698.0875812,32.3077,-99.75,-14.31,22.4,26.5,5.0,15.386,-105.89,-12.27,5.0,9.0,11.807,4737.0,200.0,2673.0
1691446698.0975811,18.4265,-99.72,-14.5,17.75,57.8,5.0,15.386,-105.89,-12.27,5.0,12.67,11.807,3225.0,134.333,3182.0
1691446698.1075811,17.9343,-99.72,-14.5,17.75,57.8,5.0,15.386,-105.89,-12.27,15.0,14.0,11.981,4827.0,138.0,2673.0
1691446698.1175814,24.5441,-99.81,-13.5,17.75,57.8,20.0,15.386,-105.89,-12.27,15.0,11.0,11.981,6146.0,200.0,1431.0
1691446698.1275814,32.8501,-99.81,-13.5,19.42,41.53,20.0,15.386,-105.89,-12.27,15.0,11.0,11.981,5378.0,198.667,2292.0
1691446698.1375813,24.5074,-99.94,-13.69,19.42,41.53,20.0,15.386,-105.89,-12.27,15.0,15.67,11.981,4975.67,134.333,3422.0
1691446698.1475813,8.6702,-100.31,-14.25,19.15,48.95,20.0,15.386,-105.89,-12.27,15.0,16.0,11.981,4408.2,121.2,2961.0
1691446698.1575813,52.9094,-100.72,-16.31,19.15,48.95,5.0,15.386,-105.89,-12.27,15.0,19.0,11.981,2008.0,42.25,2673.0
1691446698.1675813,25.7545,-100.63,-14.75,18.45,57.35,0.0,15.386,-105.89,-12.27,15.0,17.4,11.981,4028.0,101.5,3182.0
1691446698.1775813,27.6979,-100.81,-16.44,18.45,57.35,0.0,15.386,-105.89,-12.27,15.0,14.0,11.981,7621.0,196.0,3422.0
1691446698.1875813,4.6326,-100.75,-14.94,19.45,58.0,0.0,15.386,-105.89,-12.27,15.0,16.67,11.981,5669.17,144.5,2577.0
1691446698.1975813,44.5658,-101.0,-14.0,19.45,58.0,25.0,15.386,-103.98,-11.71,15.0,12.0,11.981,6147.0,200.0,2673.0
1691446698.2075813,27.8317,-101.25,-14.31,19.45,58.0,25.0,15.386,-103.98,-11.71,10.0,15.6,11.377,2704.0,101.5,3182.0
1691446698.2175813,33.3634,-101.25,-14.31,19.45,58.0,30.0,15.386,-103.98,-11.71,10.0,15.6,11.377,2704.0,101.5,3422.0
1691446698.2275813,11.2821,-101.25,-14.31,20.0,51.42,30.0,15.386,-103.98,-11.71,10.0,15.0,11.377,8709.0,200.0,2961.0
1691446698.2375813,9.6767,-101.38,-15.81,20.0,51.42,30.0,15.386,-103.98,-11.71,10.0,12.0,11.377,7248.6,200.0,2292.0
1691446698.2475812,0.0,-101.5,-14.31,20.0,51.42,15.0,15.386,-103.98,-11.71,10.0,12.0,11.377,3430.0,138.333,1431.0
1691446698.2575812,23.6016,-101.63,-14.94,19.25,41.8,15.0,15.386,-103.98,-11.71,10.0,11.8,11.377,3622.6,160.4,1287.0
1691446698.2675812,41.0215,-102.38,-14.5,20.15,25.4,0.0,15.386,-103.98,-11.71,10.0,7.6,11.377,4055.67,200.0,2292.0
1691446698.2775812,26.5788,-102.88,-16.19,20.15,25.4,0.0,15.386,-103.98,-11.71,10.0,8.0,11.377,4227.0,200.0,1980.0
1691446698.2875812,26.0443,-103.19,-15.31,20.65,43.3,0.0,15.386,-103.98,-11.71,10.0,7.14,11.377,3786.43,200.0,2673.0
1691446698.2975812,25.6436,-103.19,-15.31,19.2,49.0,0.0,15.386,-103.98,-11.71,10.0,8.0,11.377,4227.0,200.0,1620.0
1691446698.3075812,18.9763,-103.75,-15.34,19.2,49.0,5.0,15.386,-103.98,-11.71,5.0,8.0,11.106,4227.0,200.0,2961.0
1691446698.3175812,26.6667,-103.75,-15.34,19.2,49.0,5.0,15.386,-103.98,-11.71,5.0,8.0,11.106,4227.0,200.0,2865.0
1691446698.3275812,3.0674,-102.94,-15.31,21.1,39.95,5.0,15.386,-103.98,-11.71,5.0,11.83,11.106,3808.33,167.0,1836.0
1691446698.3375812,40.8987,-102.94,-15.31,21.1,39.95,10.0,15.386,-103.98,-11.71,5.0,12.0,11.106,6147.0,200.0,2673.0
1691446698.3475811,25.659000000000002,-102.56,-15.81,19.9,46.4,10.0,15.386,-103.98,-11.71,5.0,10.67,11.106,5667.0,200.0,2577.0
1691446698.3575811,24.4878,-102.69,-15.44,19.9,46.4,5.0,15.386,-104.86,-12.24,5.0,8.75,11.106,4609.5,200.0,2865.0
1691446698.3675814,9.7514,-102.88,-16.5,17.8,58.6,5.0,15.386,-104.86,-12.24,5.0,11.0,11.106,2851.67,134.0,3182.0
1691446698.3775814,20.9209,-102.88,-16.5,17.8,58.6,10.0,15.386,-104.86,-12.24,5.0,18.5,11.106,151.0,2.5,1836.0
1691446698.3875813,34.4452,-102.75,-15.94,17.8,58.6,10.0,15.386,-104.86,-12.24,5.0,21.67,11.106,193.0,2.5,1620.0
1691446698.3975813,19.8904,-102.06,-16.28,22.45,29.15,20.0,15.386,-104.86,-12.24,5.0,8.0,11.106,4227.0,200.0,597.0
1691446698.4075813,16.9604,-102.06,-16.28,22.45,29.15,20.0,15.386,-104.86,-12.24,7.5,7.75,12.286,4098.5,200.0,1335.0
1691446698.4175813,41.8709,-101.81,-14.81,21.65,26.25,15.0,15.386,-104.86,-12.24,7.5,8.25,12.286,4354.5,200.0,1572.0
1691446698.4275813,37.4509,-101.97,-14.59,21.65,26.25,15.0,15.386,-104.86,-12.24,7.5,8.33,12.286,4397.0,200.0,2577.0
1691446698.4375813,35.3068,-102.06,-14.19,18.5,45.25,0.0,15.386,-104.86,-12.24,7.5,8.0,12.286,4227.0,200.0,1692.0
1691446698.4475813,14.850999999999999,-102.56,-12.75,18.5,45.25,0.0,15.386,-104.86,-12.24,7.5,16.83,12.286,1540.33,68.5,1908.0
1691446698.4575813,13.2722,-102.56,-12.75,20.05,47.2,0.0,15.386,-104.86,-12.24,7.5,20.0,12.286,201.0,3.0,1431.0
1691446698.4675813,26.1853,-103.69,-15.88,20.05,47.2,0.0,15.386,-104.86,-12.24,7.5,13.0,12.286,5187.57,171.857,549.0
1691446698.4775813,12.2525,-103.44,-15.56,24.85,20.95,10.0,15.386,-104.86,-12.24,7.5,13.0,12.286,6913.0,200.0,1335.0
1691446698.4875813,31.3103,-103.44,-15.56,24.85,20.95,10.0,15.386,-104.86,-12.24,7.5,13.0,12.286,6913.0,200.0,717.0
1691446698.4975812,51.6294,-100.56,-15.91,24.85,20.95,5.0,15.386,-104.86,-12.24,7.5,8.75,12.286,4609.5,200.0,3182.0
1691446698.5075812,24.645,-100.56,-15.91,22.11,47.37,5.0,15.386,-104.86,-12.24,0.0,9.0,13.652000000000001,4737.0,200.0,2673.0
1691446698.5175812,13.3027,-99.69,-16.06,22.11,47.37,5.0,15.386,-105.36,-12.41,0.0,9.5,13.652000000000001,4897.5,200.0,1572.0
1691446698.5275812,28.6978,-100.31,-15.03,22.11,47.37,23.53,15.386,-105.36,-12.41,0.0,9.0,13.652000000000001,4737.0,200.0,717.0
1691446698.5375812,21.9984,-100.31,-15.03,21.5,37.44,23.53,15.386,-105.36,-12.41,0.0,9.0,13.652000000000001,4737.0,200.0,1692.0
1691446698.5475812,29.7704,-101.66,-14.28,21.5,37.44,25.0,15.386,-105.36,-12.41,0.0,9.71,13.652000000000001,4920.43,200.0,1335.0
1691446698.5575812,9.1747,-101.66,-14.28,21.5,37.44,25.0,15.386,-105.36,-12.41,0.0,11.0,13.652000000000001,5379.0,200.0,1431.0
1691446698.5675812,27.7423,-102.81,-15.38,20.2,28.3,10.0,15.386,-105.36,-12.41,0.0,9.57,13.652000000000001,4920.43,200.0,2865.0
1691446698.5775812,18.8742,-103.38,-15.56,20.2,28.3,10.0,15.386,-105.36,-12.41,0.0,9.0,13.652000000000001,4737.0,200.0,3662.0
1691446698.5875812,44.0364,-103.5,-15.31,19.5,56.7,0.0,15.386,-105.36,-12.41,0.0,14.5,13.652000000000001,2469.0,101.5,3422.0
1691446698.5975811,10.2503,-103.38,-14.81,19.5,56.7,0.0,15.386,-105.36,-12.41,0.0,20.0,13.652000000000001,201.0,3.0,2577.0
1691446698.6075811,41.0832,-103.5,-15.88,22.75,45.5,0.0,15.386,-105.36,-12.41,14.29,16.0,13.732999999999999,3194.33,101.5,2124.0
1691446698.6175814,11.2091,-103.0,-15.88,22.75,45.5,5.0,15.386,-105.36,-12.41,14.29,16.0,13.732999999999999,6913.0,200.0,1335.0
1691446698.6275814,31.8779,-103.0,-15.88,22.75,45.5,5.0,15.386,-105.36,-12.41,14.29,12.0,13.732999999999999,6147.0,200.0,2292.0
1691446698.6375813,25.5133,-103.0,-15.88,22.75,45.5,5.0,15.386,-105.36,-12.41,14.29,12.0,13.732999999999999,6147.0,200.0,1335.0
1691446698.6475813,27.7034,-101.56,-12.75,25.4,24.6,20.0,15.386,-105.36,-12.41,14.29,12.0,13.732999999999999,6146.33,200.0,3662.0
1691446698.6575813,12.2831,-102.28,-13.91,21.45,52.9,0.0,15.386,-105.36,-12.41,14.29,17.5,13.732999999999999,2310.67,68.667,2052.0
1691446698.6675813,3.0782,-102.28,-13.91,21.45,52.9,0.0,15.386,-105.36,-12.41,14.29,20.75,13.732999999999999,6695.0,92.0,2481.0
1691446698.6775813,61.8592,-102.38,-15.94,20.25,47.35,5.0,15.386,-106.02,-12.64,14.29,20.5,13.732999999999999,11470.33,167.167,1620.0
1691446698.6875813,32.1948,-101.69,-16.63,20.25,47.35,5.0,15.386,-106.02,-12.64,14.29,11.75,13.732999999999999,5955.0,200.0,389.0
1691446698.6975813,39.5625,-101.19,-17.0,24.05,19.85,5.0,15.386,-106.02,-12.64,14.29,10.75,13.732999999999999,5218.5,200.0,1908.0
1691446698.7075813,18.3989,-101.19,-17.0,24.05,19.85,5.0,15.386,-106.02,-12.64,8.11,10.5,12.575,4995.5,196.0,2385.0
1691446698.7175813,3.0708,-100.94,-16.0,24.05,19.85,25.0,15.386,-106.02,-12.64,8.11,10.5,12.575,5058.0,200.0,1836.0
1691446698.7275813,18.9801,-100.78,-14.84,21.58,32.63,25.0,15.386,-106.02,-12.64,8.11,9.33,12.575,4737.0,200.0,1572.0
1691446698.7375813,16.3562,-100.75,-16.44,20.95,41.9,5.0,15.386,-106.02,-12.64,8.11,9.0,12.575,4737.0,200.0,2865.0
1691446698.7475812,23.5732,-100.75,-16.44,20.95,41.9,5.0,15.386,-106.02,-12.64,8.11,9.0,12.575,4737.0,200.0,2673.0
1691446698.7575812,36.3193,-100.81,-13.25,20.95,41.9,10.0,15.386,-106.02,-12.64,8.11,16.5,12.575,1581.0,57.5,2673.0
1691446698.7675812,31.304000000000002,-101.31,-14.38,19.65,49.95,10.0,15.386,-106.02,-12.64,8.11,17.0,12.575,5873.0,134.333,2481.0
1691446698.7775812,25.0354,-101.44,-12.81,19.65,49.95,5.0,15.386,-106.02,-12.64,8.11,17.0,12.575,8709.0,200.0,2124.0
1691446698.7875812,26.6293,-101.63,-14.25,18.55,48.15,5.0,15.386,-106.02,-12.64,8.11,9.0,12.575,4737.0,200.0,1527.0
1691446698.7975812,26.6001,-101.63,-14.25,18.55,48.15,0.0,15.386,-106.02,-12.64,8.11,20.0,12.575,201.0,3.0,157.0
1691446698.8075812,19.996,-101.5,-13.44,24.85,19.55,0.0,15.386,-106.02,-12.64,4.88,11.86,11.417,4252.29,170.571,1980.0
1691446698.8175812,18.9307,-101.5,-13.44,24.85,19.55,20.0,15.386,-106.02,-12.64,4.88,9.0,11.417,4737.0,200.0,2865.0
1691446698.8275812,19.994,-101.59,-15.47,20.3,45.85,20.0,15.386,-106.02,-12.64,4.88,9.0,11.417,4737.0,200.0,2673.0
1691446698.8375812,21.936999999999998,-101.59,-15.47,20.3,45.85,0.0,15.386,-106.18,-12.73,4.88,9.0,11.417,4737.0,200.0,2673.0
1691446698.8475811,48.7961,-101.94,-15.0,20.3,45.85,0.0,15.386,-106.18,-12.73,4.88,9.33,11.417,4737.0,200.0,3182.0
1691446698.8575811,26.6267,-102.38,-15.94,19.15,58.75,0.0,15.386,-106.18,-12.73,4.88,16.0,11.417,1992.2,81.4,2292.0
1691446698.8675814,28.6978,-102.25,-15.0,19.15,58.75,0.0,15.386,-106.18,-12.73,4.88,21.25,11.417,194.6,2.6,389.0
1691446698.8775814,12.2782,-102.44,-14.31,22.74,34.74,31.58,15.386,-106.18,-12.73,4.88,17.2,11.417,3557.0,101.5,1836.0
1691446698.8875813,19.976,-102.75,-17.25,22.74,34.74,31.58,15.386,-106.18,-12.73,4.88,11.0,11.417,5379.0,200.0,935.0
1691446698.8975813,47.5542,-102.75,-17.25,22.74,34.74,20.0,15.386,-106.18,-12.73,4.88,10.5,11.417,5058.0,200.0,935.0
1691446698.9075813,35.9298,-102.19,-14.41,22.3,29.05,20.0,15.386,-106.18,-12.73,10.53,9.67,12.005,4951.0,200.0,1287.0
1691446698.9175813,11.7349,-102.19,-14.41,22.3,29.05,20.0,15.386,-106.18,-12.73,10.53,9.0,12.005,4737.0,200.0,2769.0
1691446698.9275813,9.7299,-101.56,-16.06,21.0,50.95,0.0,15.386,-106.18,-12.73,10.53,13.2,12.005,2820.6,121.2,3422.0
1691446698.9375813,33.27,-100.91,-14.41,23.0,49.7,0.0,15.386,-106.18,-12.73,10.53,16.4,12.005,2272.2,81.8,3422.0
1691446698.9475813,21.0277,-100.19,-16.13,23.0,49.7,0.0,15.386,-106.18,-12.73,10.53,20.0,12.005,201.0,3.0,2292.0
1691446698.9575813,34.2253,-100.06,-14.31,26.1,23.55,0.0,15.386,-106.18,-12.73,10.53,16.25,12.005,7333.67,167.167,2481.0
1691446698.9675813,49.2851,-100.06,-14.31,26.1,23.55,0.0,15.386,-106.18,-12.73,10.53,12.5,12.005,6530.0,200.0,2292.0
1691446698.9775813,23.0515,-100.06,-14.31,26.1,23.55,0.0,15.386,-106.18,-12.73,10.53,13.0,12.005,6913.0,200.0,3422.0
1691446698.9875813,9.7319,-100.5,-13.25,22.15,45.55,15.0,15.386,-106.18,-12.73,10.53,11.8,12.005,6291.29,200.0,2865.0
1691446698.9975812,13.2907,-100.5,-13.25,22.15,45.55,10.0,15.386,-105.45,-12.32,10.53,20.0,12.005,201.0,3.0,2865.0
1691446699.0075812,12.3077,-101.41,-13.72,21.8,49.35,10.0,16.625999999999998,-105.45,-12.32,7.32,14.14,9.607000000000001,2962.14,115.429,2124.0
1691446699.0175812,44.2915,-101.41,-13.72,21.8,49.35,10.0,16.625999999999998,-105.45,-12.32,7.32,15.0,9.607000000000001,3138.0,72.0,2124.0
1691446699.0275812,25.2547,-101.88,-14.44,21.81,56.23,0.0,16.625999999999998,-105.45,-12.32,7.32,19.4,9.607000000000001,181.0,2.8,3422.0
1691446699.0375812,27.4123,-101.75,-13.69,21.81,56.23,0.0,16.625999999999998,-105.45,-12.32,7.32,12.0,9.607000000000001,6147.0,200.0,3422.0
1691446699.0475812,12.32,-102.0,-15.88,21.81,56.23,10.0,16.625999999999998,-105.45,-12.32,7.32,9.0,9.607000000000001,5207.0,200.0,3182.0
1691446699.0575812,30.2231,-102.0,-15.88,21.81,56.23,10.0,16.625999999999998,-105.45,-12.32,7.32,9.0,9.607000000000001,4737.0,200.0,2865.0
1691446699.0675812,38.477,-102.19,-15.31,20.55,58.4,10.0,16.625999999999998,-105.45,-12.32,7.32,12.67,9.607000000000001,3225.0,134.333,2865.0
1691446699.0775812,21.0025,-101.84,-15.88,24.0,31.15,0.0,16.625999999999998,-105.45,-12.32,7.32,16.14,9.607000000000001,2408.5,76.5,2124.0
1691446699.0875812,20.01,-101.63,-13.94,24.0,31.15,5.0,16.625999999999998,-105.45,-12.32,7.32,9.2,9.607000000000001,4737.0,200.0,1287.0
1691446699.0975811,23.4909,-101.75,-16.25,24.2,27.65,5.0,16.625999999999998,-105.45,-12.32,7.32,9.0,9.607000000000001,4737.0,200.0,1692.0
1691446699.1075811,25.6693,-101.56,-16.63,24.2,27.65,5.0,16.625999999999998,-105.45,-12.32,0.0,9.0,12.555,4737.0,200.0,2577.0
1691446699.1175814,17.3819,-101.25,-15.69,21.15,48.6,0.0,16.625999999999998,-105.45,-12.32,0.0,11.5,12.555,5763.0,200.0,3422.0
1691446699.1275814,16.9078,-101.25,-15.69,21.15,48.6,0.0,16.625999999999998,-105.45,-12.32,0.0,16.0,12.555,3174.0,101.5,2292.0
1691446699.1375813,55.2794,-100.31,-13.06,22.8,46.6,0.0,16.625999999999998,-105.45,-12.32,0.0,20.0,12.555,201.0,3.0,2124.0
1691446699.1475813,22.0072,-100.31,-13.06,22.8,46.6,0.0,16.625999999999998,-105.45,-12.32,0.0,20.0,12.555,201.0,3.0,1836.0
1691446699.1575813,18.9326,-98.94,-13.06,22.8,46.6,0.0,16.625999999999998,-105.45,-12.32,0.0,9.5,12.555,4737.0,200.0,935.0
1691446699.1675813,2.0509,-99.0,-15.25,24.05,24.7,20.0,16.625999999999998,-104.09,-11.85,0.0,8.5,12.555,4482.0,200.0,2124.0
1691446699.1775813,16.2895,-99.0,-15.25,24.05,24.7,20.0,16.625999999999998,-104.09,-11.85,0.0,9.0,12.555,4737.0,200.0,1585.25
1691446699.1875813,41.1617,-99.38,-14.25,24.05,24.7,5.0,16.625999999999998,-104.09,-11.85,0.0,9.25,12.555,4513.0,190.5,1692.0
1691446699.1975813,33.3033,-100.72,-15.13,23.3,30.15,0.0,16.625999999999998,-104.09,-11.85,0.0,10.57,12.555,5121.86,200.0,3422.0
1691446699.2075813,34.3555,-101.97,-13.41,20.45,52.75,0.0,16.625999999999998,-104.09,-11.85,10.0,16.8,12.87,4998.6,121.2,2961.0
1691446699.2175813,26.5153,-101.97,-13.41,20.45,52.75,30.0,16.625999999999998,-104.09,-11.85,10.0,16.0,12.87,9222.0,200.0,2124.0
1691446699.2275813,13.3414,-102.38,-15.06,20.45,52.75,30.0,16.625999999999998,-104.09,-11.85,10.0,13.25,12.87,4084.5,150.75,1527.0
1691446699.2375813,26.3395,-101.69,-13.31,21.65,46.35,10.0,16.625999999999998,-104.09,-11.85,10.0,18.25,12.87,1879.0,52.25,1620.0
1691446699.2475812,14.494000000000002,-101.31,-18.38,21.65,46.35,10.0,16.625999999999998,-104.09,-11.85,10.0,8.2,12.87,4759.0,200.0,2292.0
1691446699.2575812,36.8788,-101.31,-18.38,22.6,30.65,0.0,16.625999999999998,-104.09,-11.85,10.0,9.0,12.87,4737.0,200.0,3422.0
1691446699.2675812,30.7231,-101.59,-16.47,22.6,30.65,0.0,16.625999999999998,-104.09,-11.85,10.0,9.17,12.87,4737.0,200.0,3422.0
1691446699.2775812,25.5133,-101.13,-13.19,20.15,48.75,20.0,16.625999999999998,-104.09,-11.85,10.0,9.0,12.87,4737.0,200.0,1572.0
1691446699.2875812,20.0401,-101.13,-13.19,20.15,48.75,20.0,16.625999999999998,-104.09,-11.85,10.0,9.0,12.87,4737.0,200.0,717.0
1691446699.2975812,41.9044,-101.06,-16.69,20.15,48.75,20.0,16.625999999999998,-104.09,-11.85,10.0,10.0,12.87,4951.0,200.0,1431.0
1691446699.3075812,19.984,-101.25,-16.75,24.0,26.35,0.0,16.625999999999998,-104.09,-11.85,11.63,14.8,12.249,3461.4,121.2,1908.0
1691446699.3175812,33.2634,-101.25,-16.75,24.0,26.35,0.0,16.625999999999998,-104.27,-11.95,11.63,16.5,12.249,3557.0,101.5,1908.0
1691446699.3275812,22.0601,-99.88,-15.91,24.0,26.35,40.0,16.625999999999998,-104.27,-11.95,11.63,10.33,12.249,6187.67,200.0,2052.0
1691446699.3375812,34.2697,-99.88,-15.91,19.5,36.45,40.0,16.625999999999998,-104.27,-11.95,11.63,9.0,12.249,4352.0,180.0,2865.0
1691446699.3475811,26.6507,-100.66,-13.69,19.5,36.45,0.0,16.625999999999998,-104.27,-11.95,11.63,9.14,12.249,4737.0,200.0,3182.0
1691446699.3575811,45.5088,-101.69,-15.38,18.7,60.35,0.0,16.625999999999998,-104.27,-11.95,11.63,11.5,12.249,3849.0,155.0,2385.0
1691446699.3675814,1.7899,-101.63,-14.5,24.1,35.75,0.0,16.625999999999998,-104.27,-11.95,11.63,20.0,12.249,201.0,3.0,2292.0
1691446699.3775814,43.633,-102.13,-14.56,24.1,35.75,0.0,16.625999999999998,-104.27,-11.95,11.63,14.5,12.249,8005.0,196.0,2292.0
1691446699.3875813,10.2492,-102.19,-14.56,24.1,35.75,5.0,16.625999999999998,-104.27,-11.95,11.63,13.25,12.249,5886.0,171.667,1980.0
1691446699.3975813,47.61600000000001,-102.63,-13.44,24.5,26.2,15.0,16.625999999999998,-104.27,-11.95,11.63,12.0,12.249,6147.0,200.0,1431.0
1691446699.4075813,7.6815,-102.63,-13.44,24.5,26.2,15.0,16.625999999999998,-104.27,-11.95,2.5,11.5,15.802,5763.0,200.0,1287.0
1691446699.4175813,17.9021,-102.31,-17.13,22.85,34.15,15.0,16.625999999999998,-104.27,-11.95,2.5,11.5,15.802,5763.0,200.0,2292.0
1691446699.4275813,43.0812,-101.81,-15.63,22.85,34.15,5.0,16.625999999999998,-104.27,-11.95,2.5,13.25,15.802,4084.5,150.75,2673.0
1691446699.4375813,31.1759,-101.81,-15.63,22.85,34.15,5.0,16.625999999999998,-104.27,-11.95,2.5,16.5,15.802,3494.0,99.5,3422.0
1691446699.4475813,5.1287,-100.81,-16.25,19.65,54.0,20.0,16.625999999999998,-104.27,-11.95,2.5,11.0,15.802,6020.0,200.0,2124.0
1691446699.4575813,55.2352,-99.63,-15.94,19.65,54.0,20.0,16.625999999999998,-104.27,-11.95,2.5,10.75,15.802,5218.5,200.0,2865.0
1691446699.4675813,6.6513,-98.63,-15.88,19.65,54.0,20.0,16.625999999999998,-104.27,-11.95,2.5,15.0,15.802,2469.0,101.5,1239.0
1691446699.4775813,21.4804,-97.75,-14.44,21.95,40.8,10.0,16.625999999999998,-104.27,-11.95,2.5,13.5,15.802,4276.5,150.75,1431.0
1691446699.4875813,27.7201,-97.44,-12.31,22.65,21.45,0.0,16.625999999999998,-104.23,-12.09,2.5,11.88,15.802,6018.25,199.0,1908.0
1691446699.4975812,23.0032,-98.44,-13.5,22.65,21.45,0.0,16.625999999999998,-104.23,-12.09,2.5,14.0,15.802,7813.0,200.0,2292.0
1691446699.5075812,35.4023,-99.25,-11.75,23.4,34.95,0.0,16.625999999999998,-104.23,-12.09,13.16,14.0,11.265,7813.0,200.0,2865.0
1691446699.5175812,4.5988,-99.25,-11.75,23.4,34.95,0.0,16.625999999999998,-104.23,-12.09,13.16,20.0,11.265,201.0,3.0,3182.0
1691446699.5275812,61.0134,-100.28,-13.88,20.65,55.65,5.0,16.625999999999998,-104.23,-12.09,13.16,18.67,11.265,3208.0,68.667,1572.0
1691446699.5375812,29.5895,-100.75,-17.19,20.65,55.65,5.0,16.625999999999998,-104.23,-12.09,13.16,18.67,11.265,9222.0,200.0,1431.0
1691446699.5475812,15.3923,-100.75,-17.19,23.37,36.55,10.0,16.625999999999998,-104.23,-12.09,13.16,14.75,11.265,5235.0,150.75,1063.0
1691446699.5575812,8.1912,-100.75,-14.09,23.37,36.55,10.0,16.625999999999998,-104.23,-12.09,13.16,14.67,11.265,5283.67,167.167,1764.0
1691446699.5675812,31.8363,-101.0,-15.0,24.6,27.55,5.0,16.625999999999998,-104.23,-12.09,13.16,9.0,11.265,4737.0,200.0,1980.0
1691446699.5775812,27.6508,-101.0,-15.0,24.6,27.55,5.0,16.625999999999998,-104.23,-12.09,13.16,8.0,11.265,4227.0,200.0,2124.0
1691446699.5875812,33.27,-101.06,-16.5,24.6,27.55,15.0,16.625999999999998,-104.23,-12.09,13.16,8.8,11.265,4635.0,200.0,3422.0
1691446699.5975811,45.5134,-100.97,-13.97,20.4,51.6,15.0,16.625999999999998,-104.23,-12.09,13.16,8.75,11.265,4578.25,198.0,2865.0
1691446699.6075811,39.944,-100.97,-13.97,20.4,51.6,25.0,16.625999999999998,-104.23,-12.09,12.5,9.0,9.146,4737.0,200.0,1572.0
1691446699.6175814,14.3245,-100.88,-12.78,21.06,44.32,25.0,16.625999999999998,-104.23,-12.09,12.5,18.75,9.146,2505.5,71.25,1836.0
1691446699.6275814,9.7426,-100.88,-12.78,21.06,44.32,5.0,16.625999999999998,-104.23,-12.09,12.5,17.25,9.146,2885.5,74.0,1908.0
1691446699.6375813,24.4952,-100.75,-12.94,24.0,24.7,5.0,16.625999999999998,-104.38,-12.18,12.5,13.0,9.146,6913.0,200.0,373.0
1691446699.6475813,30.8186,-100.75,-12.94,24.0,24.7,10.0,16.625999999999998,-104.38,-12.18,12.5,17.67,9.146,3557.0,101.5,2124.0
1691446699.6575813,2.5534,-100.75,-12.94,25.05,34.9,10.0,16.625999999999998,-104.38,-12.18,12.5,14.0,9.146,7813.0,200.0,4587.0
1691446699.6675813,48.7717,-101.34,-12.81,25.05,34.9,0.0,16.625999999999998,-104.38,-12.18,12.5,15.0,9.146,5152.0,167.0,3542.0
1691446699.6775813,50.6222,-101.38,-12.44,25.4,52.05,0.0,16.625999999999998,-104.38,-12.18,12.5,19.75,9.146,657.0,14.0,1908.0
1691446699.6875813,37.8766,-101.81,-15.25,25.4,52.05,15.0,16.625999999999998,-104.38,-12.18,12.5,21.25,9.146,180.0,2.5,2124.0
1691446699.6975813,34.3212,-102.06,-12.63,24.8,26.45,15.0,16.625999999999998,-104.38,-12.18,12.5,20.5,9.146,629.0,9.0,775.0
1691446699.7075813,1.0251,-102.31,-14.06,24.8,26.45,5.0,16.625999999999998,-104.38,-12.18,7.14,13.0,11.073,6913.0,200.0,2577.0
1691446699.7175813,27.5791,-102.06,-13.94,25.4,25.25,5.0,16.625999999999998,-104.38,-12.18,7.14,8.0,11.073,4225.0,200.0,935.0
1691446699.7275813,33.3434,-102.06,-13.94,25.4,25.25,10.0,16.625999999999998,-104.38,-12.18,7.14,7.0,11.073,3713.0,200.0,4587.0
1691446699.7375813,28.6663,-101.94,-13.5,25.4,25.25,10.0,16.625999999999998,-104.38,-12.18,7.14,8.0,11.073,4227.0,200.0,3822.0
1691446699.7475812,29.1432,-101.5,-14.31,24.15,54.3,0.0,16.625999999999998,-104.38,-12.18,7.14,8.0,11.073,4227.0,200.0,4587.0
1691446699.7575812,19.4463,-101.56,-14.06,24.15,54.3,0.0,16.625999999999998,-104.38,-12.18,7.14,20.0,11.073,1188.5,51.5,2568.0
1691446699.7675812,17.9451,-101.56,-15.69,24.15,54.3,15.79,16.625999999999998,-104.38,-12.18,7.14,20.0,11.073,201.0,3.0,1764.0
1691446699.7775812,47.5399,-101.31,-12.63,25.2,48.65,15.79,16.625999999999998,-104.38,-12.18,7.14,16.5,11.073,3557.0,101.5,1836.0
1691446699.7875812,26.6693,-101.13,-13.0,26.35,23.1,0.0,16.625999999999998,-104.38,-12.18,7.14,9.0,11.073,4567.0,200.0,1836.0
1691446699.7975812,27.6342,-100.88,-15.56,26.35,23.1,0.0,16.625999999999998,-104.13,-12.16,7.14,8.5,11.073,4482.0,200.0,1908.0
1691446699.8075812,25.6667,-100.69,-12.75,24.58,35.79,5.0,16.625999999999998,-104.13,-12.16,5.41,11.5,13.979000000000001,5825.0,200.0,3662.0
1691446699.8175812,31.5547,-100.69,-12.75,24.58,35.79,5.0,16.625999999999998,-104.13,-12.16,5.41,12.5,13.979000000000001,6530.0,200.0,4251.0
1691446699.8275812,17.9631,-100.56,-12.69,24.58,35.79,0.0,16.625999999999998,-104.13,-12.16,5.41,9.2,13.979000000000001,5099.67,200.0,2124.0
1691446699.8375812,70.5854,-100.44,-13.63,23.25,54.95,0.0,16.625999999999998,-104.13,-12.16,5.41,9.0,13.979000000000001,4737.0,200.0,2673.0
1691446699.8475811,16.9299,-100.25,-15.13,23.25,54.95,0.0,16.625999999999998,-104.13,-12.16,5.41,15.75,13.979000000000001,2465.0,101.25,1908.0
1691446699.8575811,26.6213,-99.94,-12.25,23.45,39.4,0.0,16.625999999999998,-104.13,-12.16,5.41,18.5,13.979000000000001,2104.0,52.25,1692.0
1691446699.8675814,39.8881,-99.94,-12.25,23.45,39.4,0.0,16.625999999999998,-104.13,-12.16,5.41,11.33,13.979000000000001,6179.5,200.0,2292.0
1691446699.8775814,35.3457,-99.94,-12.25,23.45,39.4,0.0,16.625999999999998,-104.13,-12.16,5.41,11.33,13.979000000000001,6179.5,200.0,389.0
1691446699.8875813,18.9194,-99.25,-13.97,25.4,24.35,20.0,16.625999999999998,-104.13,-12.16,5.41,10.5,13.979000000000001,5442.0,200.0,1572.0
1691446699.8975813,41.9798,-98.69,-12.0,24.0,29.25,0.0,16.625999999999998,-104.13,-12.16,5.41,10.86,13.979000000000001,5523.29,198.857,2124.0
1691446699.9075813,2.0538,-97.75,-13.47,24.0,29.25,10.0,16.625999999999998,-104.13,-12.16,2.44,11.63,18.480999999999998,5746.63,196.5,2577.0
1691446699.9175813,34.2253,-96.81,-13.56,21.68,41.21,10.0,16.625999999999998,-104.13,-12.16,2.44,11.0,18.480999999999998,5379.0,200.0,2961.0
1691446699.9275813,61.044,-96.81,-13.56,21.68,41.21,10.0,16.625999999999998,-104.13,-12.16,2.44,10.5,18.480999999999998,5026.75,198.0,1908.0
1691446699.9375813,21.9458,-96.34,-13.19,21.68,41.21,20.0,16.625999999999998,-104.13,-12.16,2.44,10.67,18.480999999999998,5122.17,198.667,2385.0
1691446699.9475813,52.4179,-96.13,-10.75,24.05,30.15,25.0,16.625999999999998,-104.13,-12.16,2.44,9.0,18.480999999999998,4737.0,200.0,1836.0
1691446699.9575813,31.1697,-96.5,-12.0,24.05,30.15,25.0,16.625999999999998,-103.84,-12.0,2.44,9.0,18.480999999999998,4737.0,200.0,3182.0
1691446699.9675813,1.0223,-97.13,-12.19,21.55,43.35,25.0,16.625999999999998,-103.84,-12.0,2.44,10.75,18.480999999999998,5442.0,200.0,1908.0
1691446699.9775813,49.8184,-97.5,-14.31,21.55,43.35,10.0,16.625999999999998,-103.84,-12.0,2.44,13.6,18.480999999999998,7513.0,200.0,2769.0
1691446699.9875813,6.66,-97.5,-14.31,20.35,57.45,5.0,16.625999999999998,-103.84,-12.0,2.44,13.0,18.480999999999998,6915.5,198.0,3422.0
1691446699.9975812,48.48,-97.5,-14.31,20.35,57.45,5.0,16.625999999999998,-103.84,-12.0,2.44,14.5,18.480999999999998,7429.5,181.0,1335.0
1691446700.0075812,17.9164,-97.5,-14.31,20.35,57.45,5.0,16.805,-103.84,-12.0,15.0,13.75,17.846,7203.0,190.5,1239.0
1691446700.0175812,40.1488,-97.63,-14.31,22.65,26.45,30.0,16.805,-103.84,-12.0,15.0,13.0,17.846,6913.0,200.0,277.0
1691446700.0275812,20.9146,-97.63,-14.31,22.65,26.45,30.0,16.805,-103.84,-12.0,15.0,12.33,17.846,6530.0,200.0,1836.0
1691446700.0375812,27.5763,-97.56,-12.06,25.32,20.68,5.0,16.805,-103.84,-12.0,15.0,12.25,17.846,6019.5,190.5,1908.0
1691446700.0475812,18.5395,-97.5,-11.97,25.32,20.68,15.0,16.805,-103.84,-12.0,15.0,12.5,17.846,6402.33,196.667,3182.0
1691446700.0575812,6.6262,-97.63,-11.44,25.32,20.68,15.0,16.805,-103.84,-12.0,15.0,12.0,17.846,6147.0,200.0,2577.0
1691446700.0675812,88.6114,-97.88,-13.13,22.6,40.05,15.0,16.805,-103.84,-12.0,15.0,12.8,17.846,6659.33,198.667,2865.0
1691446700.0775812,33.32,-98.25,-13.0,20.75,56.65,15.0,16.805,-103.84,-12.0,15.0,14.0,17.846,7813.0,200.0,2865.0
1691446700.0875812,46.1627,-98.63,-13.31,20.75,56.65,0.0,16.805,-103.84,-12.0,15.0,11.5,17.846,6371.5,200.0,2865.0
1691446700.0975811,39.1784,-99.0,-13.0,20.75,56.65,0.0,16.805,-103.84,-12.0,15.0,12.0,17.846,5826.0,190.0,1764.0
1691446700.1075811,39.4207,-99.19,-12.31,23.65,38.65,0.0,16.805,-103.84,-12.0,5.0,11.0,17.137999999999998,5345.75,190.5,2292.0
1691446700.1175814,5.0676,-99.56,-15.19,23.65,38.65,5.0,16.805,-103.16,-11.88,5.0,11.0,17.137999999999998,5442.0,200.0,935.0
1691446700.1275814,64.199,-99.63,-13.88,25.35,22.45,5.0,16.805,-103.16,-11.88,5.0,10.83,17.137999999999998,5293.0,200.0,2577.0
1691446700.1375813,51.2154,-99.75,-12.44,25.35,22.45,15.0,16.805,-103.16,-11.88,5.0,11.5,17.137999999999998,4738.0,167.5,3062.0
1691446700.1475813,49.7187,-99.94,-14.31,25.5,26.05,15.0,16.805,-103.16,-11.88,5.0,10.5,17.137999999999998,5058.0,200.0,935.0
1691446700.1575813,41.8668,-99.94,-14.31,25.5,26.05,0.0,16.805,-103.16,-11.88,5.0,10.0,17.137999999999998,5058.0,200.0,233.0
1691446700.1675813,36.1065,-99.31,-15.63,25.6,30.85,0.0,16.805,-103.16,-11.88,5.0,11.75,17.137999999999998,5571.25,187.5,1479.0
1691446700.1775813,49.5251,-99.31,-14.94,25.6,30.85,0.0,16.805,-103.16,-11.88,5.0,13.0,17.137999999999998,6913.0,200.0,2196.0
1691446700.1875813,22.0425,-99.56,-14.94,25.6,30.85,0.0,16.805,-103.16,-11.88,5.0,13.2,17.137999999999998,7213.0,200.0,2124.0
1691446700.1975813,28.5748,-99.63,-13.88,25.79,23.35,25.0,16.805,-103.16,-11.88,5.0,13.0,17.137999999999998,6913.0,200.0,277.0
1691446700.2075813,65.7134,-99.81,-13.25,25.79,23.35,25.0,16.805,-103.16,-11.88,5.13,15.33,24.517,8431.33,191.667,2385.0
1691446700.2175813,43.6004,-99.88,-14.31,24.1,28.75,0.0,16.805,-103.16,-11.88,5.13,14.5,24.517,8261.0,200.0,1572.0
1691446700.2275813,43.4951,-99.88,-14.31,24.1,28.75,0.0,16.805,-103.16,-11.88,5.13,14.25,24.517,8037.0,200.0,2961.0
1691446700.2375813,32.1659,-99.69,-14.16,20.0,54.6,0.0,16.805,-103.16,-11.88,5.13,14.4,24.517,8260.33,200.0,3422.0
1691446700.2475812,36.9786,-99.63,-13.38,20.0,54.6,0.0,16.805,-103.16,-11.88,5.13,14.75,24.517,7939.75,187.5,2865.0
1691446700.2575812,4.0972,-99.63,-13.38,20.0,54.6,0.0,16.805,-103.16,-11.88,5.13,15.0,24.517,8709.0,200.0,3422.0
1691446700.2675812,61.853,-100.0,-13.31,20.0,54.6,0.0,16.805,-103.16,-11.88,5.13,15.0,24.517,8709.0,200.0,1836.0
1691446700.2775812,24.5123,-99.75,-14.44,22.7,46.5,0.0,16.805,-103.16,-11.88,5.13,14.6,24.517,8410.33,200.0,3662.0
1691446700.2875812,61.1665,-99.31,-14.19,22.7,46.5,0.0,16.805,-102.18,-11.7,5.13,13.0,24.517,6913.0,200.0,2577.0
1691446700.2975812,47.6351,-99.69,-12.13,21.1,53.5,10.0,16.805,-102.18,-11.7,5.13,14.86,24.517,8581.0,200.0,1620.0
1691446700.3075812,43.9003,-99.53,-14.0,22.05,50.45,0.0,16.805,-102.18,-11.7,4.65,14.0,26.445999999999998,7813.0,200.0,2673.0
1691446700.3175812,24.5858,-98.81,-15.06,22.05,50.45,0.0,16.805,-102.18,-11.7,4.65,15.17,26.445999999999998,8730.67,200.0,3062.0
1691446700.3275812,45.6685,-98.81,-15.06,26.85,22.55,5.0,16.805,-102.18,-11.7,4.65,16.0,26.445999999999998,9222.0,200.0,1817.4
1691446700.3375812,24.993000000000002,-97.81,-15.38,28.0,21.67,5.0,16.805,-102.18,-11.7,4.65,15.0,26.445999999999998,8741.5,198.0,4251.0
1691446700.3475811,47.6971,-98.0,-14.81,28.0,21.67,15.0,16.805,-102.18,-11.7,4.65,15.33,26.445999999999998,8880.0,200.0,2577.0
1691446700.3575811,48.4848,-98.44,-14.06,23.35,45.2,15.0,16.805,-102.18,-11.7,4.65,15.0,26.445999999999998,8709.0,200.0,2292.0
1691446700.3675814,45.7097,-98.44,-14.44,23.35,45.2,15.0,16.805,-102.18,-11.7,4.65,15.0,26.445999999999998,8581.33,200.0,2673.0
1691446700.3775814,45.5088,-98.56,-15.38,20.9,42.15,15.0,16.805,-102.18,-11.7,4.65,14.33,26.445999999999998,8261.0,200.0,3182.0
1691446700.3875813,58.4908,-98.69,-15.06,20.9,42.15,0.0,16.805,-102.18,-11.7,4.65,14.5,26.445999999999998,8165.0,198.0,1572.0
1691446700.3975813,27.6121,-98.63,-14.88,25.2,24.95,0.0,16.805,-102.18,-11.7,4.65,14.75,26.445999999999998,8485.0,200.0,1836.0
1691446700.4075813,18.8855,-98.94,-15.06,25.2,24.95,10.0,16.805,-102.18,-11.7,10.53,15.5,25.249000000000002,8965.5,200.0,2385.0
1691446700.4175813,62.9194,-98.94,-15.06,25.2,24.95,10.0,16.805,-102.18,-11.7,10.53,16.0,25.249000000000002,9222.0,200.0,3963.0
1691446700.4275813,52.7104,-99.0,-15.63,24.1,39.15,10.0,16.805,-102.18,-11.7,10.53,13.67,25.249000000000002,7940.25,200.0,2865.0
1691446700.4375813,44.8354,-99.06,-14.38,24.1,39.15,33.33,16.805,-101.55,-11.63,10.53,14.75,25.249000000000002,8485.0,200.0,3182.0
1691446700.4475813,36.671,-99.13,-14.44,20.8,55.2,5.0,16.805,-101.55,-11.63,10.53,15.33,25.249000000000002,8880.0,200.0,2292.0
1691446700.4575813,31.5062,-98.94,-14.69,20.8,55.2,5.0,16.805,-101.55,-11.63,10.53,16.0,25.249000000000002,9222.0,200.0,1980.0
1691446700.4675813,9.9631,-98.81,-13.63,22.2,39.0,5.0,16.805,-101.55,-11.63,10.53,15.0,25.249000000000002,8794.5,200.0,1980.0
1691446700.4775813,35.2364,-98.88,-15.19,22.2,39.0,5.0,16.805,-101.55,-11.63,10.53,15.75,25.249000000000002,9093.75,200.0,2481.0
1691446700.4875813,44.231,-98.75,-15.38,23.05,36.5,0.0,16.805,-101.55,-11.63,10.53,16.0,25.249000000000002,9222.0,200.0,3662.0
1691446700.4975812,3.5672,-98.75,-15.38,23.05,36.5,0.0,16.805,-101.55,-11.63,10.53,16.0,25.249000000000002,9222.0,200.0,3422.0
1691446700.5075812,63.6599,-98.56,-13.44,21.15,54.45,10.0,16.805,-101.55,-11.63,10.26,16.0,25.107,9222.0,200.0,2052.0
1691446700.5175812,65.9622,-98.13,-13.0,21.15,54.45,10.0,16.805,-101.55,-11.63,10.26,16.0,25.107,9222.0,200.0,2961.0
1691446700.5275812,39.92,-98.06,-13.75,23.53,44.79,20.0,16.805,-101.55,-11.63,10.26,16.0,25.107,9222.0,200.0,2385.0
1691446700.5375812,33.27,-97.94,-13.88,23.53,44.79,20.0,16.805,-101.55,-11.63,10.26,16.0,25.107,9222.0,200.0,1620.0
1691446700.5475812,43.2949,-97.63,-14.38,25.6,20.85,5.0,16.805,-101.55,-11.63,10.26,14.0,25.107,8218.67,198.667,2124.0
1691446700.5575812,43.2633,-97.31,-15.38,25.6,20.85,5.0,16.805,-101.55,-11.63,10.26,15.0,25.107,8709.0,200.0,3182.0
1691446700.5675812,6.1656,-97.38,-12.88,20.55,57.15,10.0,16.805,-101.55,-11.63,10.26,15.83,25.107,9136.5,200.0,2577.0
1691446700.5775812,40.2909,-97.63,-13.69,20.55,57.15,10.0,16.805,-101.55,-11.63,10.26,15.0,25.107,8709.0,200.0,3182.0
1691446700.5875812,70.8118,-97.63,-13.69,20.55,57.15,0.0,16.805,-101.55,-11.63,10.26,16.0,25.107,9093.75,198.0,2292.0
1691446700.5975811,36.1819,-97.81,-15.0,21.4,46.6,0.0,16.805,-101.51,-11.77,10.26,14.5,25.107,8581.33,200.0,1335.0
1691446700.6075811,11.3217,-98.25,-14.13,21.4,46.6,0.0,16.805,-101.51,-11.77,7.32,15.0,25.386,8709.0,200.0,775.0
1691446700.6175814,57.751999999999995,-98.63,-16.13,25.65,22.8,0.0,16.805,-101.51,-11.77,7.32,14.33,25.386,8350.6,200.0,1383.0
1691446700.6275814,34.3315,-98.5,-12.75,25.65,22.8,0.0,16.805,-101.51,-11.77,7.32,13.75,25.386,7633.0,200.0,1692.0
1691446700.6375813,36.3012,-98.38,-15.06,24.3,37.45,25.0,16.805,-101.51,-11.77,7.32,13.33,25.386,7213.0,200.0,3963.0
1691446700.6475813,48.7815,-98.31,-15.94,24.3,37.45,25.0,16.805,-101.51,-11.77,7.32,14.8,25.386,8529.8,200.0,2292.0
1691446700.6575813,48.571999999999996,-97.97,-13.84,24.3,37.45,30.0,16.805,-101.51,-11.77,7.32,15.0,25.386,8709.0,200.0,2865.0
1691446700.6675813,31.1541,-97.97,-13.84,19.11,54.55,5.0,16.805,-101.51,-11.77,7.32,14.25,25.386,8037.0,200.0,1836.0
1691446700.6775813,33.2534,-97.97,-13.84,19.11,54.55,5.0,16.805,-101.51,-11.77,7.32,14.0,25.386,7813.0,200.0,1980.0
1691446700.6875813,79.4951,-98.19,-13.0,23.25,33.65,5.0,16.805,-101.51,-11.77,7.32,15.67,25.386,9051.0,200.0,2865.0
1691446700.6975813,23.5449,-98.19,-13.13,23.25,33.65,0.0,16.805,-101.51,-11.77,7.32,16.0,25.386,9222.0,200.0,2385.0
1691446700.7075813,57.5165,-98.06,-15.94,25.9,27.2,5.0,16.805,-101.51,-11.77,10.26,16.0,24.488000000000003,9222.0,200.0,2124.0
1691446700.7175813,27.5791,-97.5,-17.56,25.9,27.2,5.0,16.805,-101.51,-11.77,10.26,16.0,24.488000000000003,9222.0,200.0,2292.0
1691446700.7275813,68.7317,-97.06,-11.31,22.94,37.11,30.0,16.805,-101.51,-11.77,10.26,16.0,24.488000000000003,9222.0,200.0,3662.0
1691446700.7375813,46.148999999999994,-97.06,-11.31,22.94,37.11,30.0,16.805,-101.51,-11.77,10.26,16.0,24.488000000000003,9222.0,200.0,3422.0
1691446700.7475812,50.7289,-97.81,-12.84,21.0,45.75,5.0,16.805,-101.51,-11.77,10.26,14.8,24.488000000000003,8672.86,200.0,1709.0
1691446700.7575812,29.6634,-98.44,-15.06,21.0,45.75,5.0,16.805,-102.07,-11.95,10.26,15.0,24.488000000000003,8709.0,200.0,2124.0
1691446700.7675812,43.9003,-98.44,-15.06,21.0,45.75,5.0,16.805,-102.07,-11.95,10.26,14.0,24.488000000000003,8037.0,200.0,1836.0
1691446700.7775812,44.602,-98.38,-13.47,24.2,22.8,10.0,16.805,-102.07,-11.95,10.26,14.25,24.488000000000003,8037.0,200.0,1572.0
1691446700.7875812,32.2141,-97.69,-12.75,24.2,22.8,0.0,16.805,-102.07,-11.95,10.26,14.8,24.488000000000003,8495.17,200.0,3422.0
1691446700.7975812,50.086999999999996,-97.69,-12.75,23.65,46.9,0.0,16.805,-102.07,-11.95,10.26,15.0,24.488000000000003,8709.0,200.0,4587.0
1691446700.8075812,38.4572,-97.38,-15.09,23.65,46.9,5.0,16.805,-102.07,-11.95,4.65,15.0,29.447,8709.0,200.0,4107.0
1691446700.8175812,47.483000000000004,-97.38,-15.09,24.3,57.35,5.0,16.805,-102.07,-11.95,4.65,15.0,29.447,8709.0,200.0,2577.0
1691446700.8275812,48.6936,-97.56,-12.94,24.3,57.35,5.0,16.805,-102.07,-11.95,4.65,16.0,29.447,9222.0,200.0,1836.0
1691446700.8375812,54.0396,-97.75,-14.88,24.25,31.25,25.0,16.805,-102.07,-11.95,4.65,16.0,29.447,9222.0,200.0,2124.0
1691446700.8475811,30.8806,-97.44,-12.25,24.25,31.25,5.0,16.805,-102.07,-11.95,4.65,15.5,29.447,8965.5,200.0,2124.0
1691446700.8575811,36.7867,-97.44,-12.25,24.25,31.25,5.0,16.805,-102.07,-11.95,4.65,16.0,29.447,9222.0,200.0,1836.0
1691446700.8675814,18.4912,-97.97,-15.16,24.2,31.85,0.0,16.805,-102.07,-11.95,4.65,16.29,29.447,9369.14,200.0,1836.0
1691446700.8775814,56.2637,-97.97,-15.16,24.2,31.85,0.0,16.805,-102.07,-11.95,4.65,19.0,29.447,12033.0,200.0,2673.0
1691446700.8875813,25.3261,-98.06,-10.69,23.8,46.2,0.0,16.805,-102.07,-11.95,4.65,19.0,29.447,12033.0,200.0,1143.0
1691446700.8975813,90.04899999999999,-98.28,-13.75,24.25,44.85,0.0,16.805,-102.07,-11.95,4.65,17.0,29.447,9737.0,200.0,2865.0
1691446700.9075813,50.754,-97.75,-15.5,24.25,44.85,0.0,16.805,-102.07,-11.95,7.89,17.0,26.178,9737.0,200.0,2481.0
1691446700.9175813,10.2308,-97.75,-15.5,24.25,44.85,0.0,16.805,-101.88,-12.0,7.89,17.0,26.178,9737.0,200.0,3182.0
1691446700.9275813,1.0214,-97.19,-14.53,27.0,27.65,0.0,16.805,-101.88,-12.0,7.89,16.0,26.178,9222.0,200.0,1527.0
1691446700.9375813,36.1747,-97.13,-12.5,27.0,27.65,25.0,16.805,-101.88,-12.0,7.89,14.67,26.178,8485.0,200.0,2865.0
1691446700.9475813,16.2045,-97.13,-12.5,27.0,27.65,25.0,16.805,-101.88,-12.0,7.89,14.0,26.178,7813.0,200.0,3963.0
1691446700.9575813,132.987,-97.56,-11.06,23.4,38.1,0.0,16.805,-101.88,-12.0,7.89,14.0,26.178,7813.0,200.0,3963.0
1691446700.9675813,59.0394,-97.91,-12.13,24.35,46.5,0.0,16.805,-101.88,-12.0,7.89,14.86,26.178,8581.0,200.0,2577.0
1691446700.9775813,16.0125,-97.88,-13.69,24.35,46.5,0.0,16.805,-101.88,-12.0,7.89,15.0,26.178,8709.0,200.0,2577.0
1691446700.9875813,102.337,-97.56,-15.25,25.9,30.75,0.0,16.805,-101.88,-12.0,7.89,16.0,26.178,9222.0,200.0,935.0
1691446700.9975812,26.64,-97.56,-15.25,25.9,30.75,0.0,16.805,-101.88,-12.0,7.89,16.0,26.178,9222.0,200.0,1908.0
1691446701.0075812,70.6701,-97.31,-16.44,27.4,20.5,0.0,18.198,-101.88,-12.0,15.79,16.33,27.389,9393.67,200.0,2865.0
1691446701.0175812,20.46,-97.31,-16.44,27.4,20.5,10.0,18.198,-101.88,-12.0,15.79,17.0,27.389,9737.0,200.0,2577.0
1691446701.0275812,53.6511,-97.69,-13.0,27.4,20.5,10.0,18.198,-101.88,-12.0,15.79,18.0,27.389,11008.0,200.0,4736.0
1691446701.0375812,40.9232,-97.88,-13.59,25.45,44.45,10.0,18.198,-101.88,-12.0,15.79,17.67,27.389,10690.25,200.0,3182.0
1691446701.0475812,35.3209,-98.06,-14.5,25.45,44.45,10.0,18.198,-101.88,-12.0,15.79,18.5,27.389,11520.5,200.0,1764.0
1691446701.0575812,32.2851,-98.0,-15.94,26.6,29.6,0.0,18.198,-101.88,-12.0,15.79,18.0,27.389,11264.25,200.0,1383.0
1691446701.0675812,24.8343,-98.0,-15.94,26.6,29.6,0.0,18.198,-101.88,-12.0,15.79,18.0,27.389,11008.0,200.0,3182.0
1691446701.0775812,157.1189,-97.38,-15.13,26.6,29.6,0.0,18.198,-101.88,-12.0,15.79,16.0,27.389,10412.67,200.0,1692.0
1691446701.0875812,44.1335,-97.38,-15.13,26.6,29.6,0.0,18.198,-101.4,-11.97,15.79,16.0,27.389,10412.67,200.0,1620.0
1691446701.0975811,36.7794,-97.66,-14.56,26.0,13.58,25.0,18.198,-101.4,-11.97,15.79,16.0,27.389,9222.0,200.0,2124.0
1691446701.1075811,58.4791,-97.5,-15.75,25.7,37.6,0.0,18.198,-101.4,-11.97,11.9,15.5,26.873,9051.0,200.0,4251.0
1691446701.1175814,42.4493,-97.44,-13.25,25.7,37.6,0.0,18.198,-101.4,-11.97,11.9,15.75,26.873,9093.75,200.0,1836.0
1691446701.1275814,45.038000000000004,-97.75,-13.88,25.1,38.7,15.0,18.198,-101.4,-11.97,11.9,16.0,26.873,9222.0,200.0,2385.0
1691446701.1375813,1.0221,-97.16,-14.44,25.1,38.7,10.0,18.198,-101.4,-11.97,11.9,16.0,26.873,9222.0,200.0,3422.0
1691446701.1475813,65.8256,-97.06,-12.0,23.8,50.9,10.0,18.198,-101.4,-11.97,11.9,16.0,26.873,9222.0,200.0,3662.0
1691446701.1575813,42.8836,-97.06,-12.0,23.8,50.9,10.0,18.198,-101.4,-11.97,11.9,16.0,26.873,9222.0,200.0,1479.0
1691446701.1675813,71.418,-97.19,-12.75,24.65,34.85,5.0,18.198,-101.4,-11.97,11.9,16.0,26.873,9222.0,200.0,201.0
1691446701.1775813,31.6333,-97.19,-12.75,24.65,34.85,5.0,18.198,-101.4,-11.97,11.9,17.0,26.873,9737.0,200.0,317.0
1691446701.1875813,37.9868,-97.31,-14.13,24.65,34.85,5.26,18.198,-101.4,-11.97,11.9,18.6,26.873,11691.33,200.0,1836.0
1691446701.1975813,74.0032,-97.63,-11.38,27.63,13.89,5.26,18.198,-101.4,-11.97,11.9,18.6,26.873,12033.0,200.0,185.0
1691446701.2075813,2.0503,-98.25,-15.06,27.63,13.89,0.0,18.198,-101.4,-11.97,2.5,16.67,29.511999999999997,9565.33,200.0,157.0
1691446701.2175813,57.8444,-98.31,-14.0,27.4,24.85,0.0,18.198,-101.4,-11.97,2.5,18.0,29.511999999999997,11008.0,200.0,3662.0
1691446701.2275813,66.2268,-98.06,-15.13,27.4,24.85,0.0,18.198,-101.4,-11.97,2.5,17.0,29.511999999999997,9737.0,200.0,3662.0
1691446701.2375813,42.2678,-97.81,-16.0,26.65,38.15,0.0,18.198,-100.34,-11.77,2.5,17.0,29.511999999999997,9737.0,200.0,1908.0
1691446701.2475812,14.4124,-97.81,-16.0,26.65,38.15,0.0,18.198,-100.34,-11.77,2.5,16.0,29.511999999999997,9222.0,200.0,4904.0
1691446701.2575812,29.6426,-97.56,-14.63,26.65,38.15,0.0,18.198,-100.34,-11.77,2.5,16.0,29.511999999999997,9222.0,200.0,3302.0
1691446701.2675812,102.8811,-97.16,-16.25,26.7,39.9,5.0,18.198,-100.34,-11.77,2.5,16.0,29.511999999999997,9222.0,200.0,1692.0
1691446701.2775812,36.8861,-96.88,-15.38,27.0,25.0,5.0,18.198,-100.34,-11.77,2.5,16.0,29.511999999999997,9222.0,200.0,2769.0
1691446701.2875812,42.0344,-96.88,-14.75,27.0,25.0,15.0,18.198,-100.34,-11.77,2.5,16.0,29.511999999999997,9222.0,200.0,1383.0
1691446701.2975812,46.5362,-96.81,-14.81,27.0,25.0,15.0,18.198,-100.34,-11.77,2.5,16.0,29.511999999999997,9222.0,200.0,2961.0
1691446701.3075812,38.4615,-97.19,-12.81,26.9,31.8,5.0,18.198,-100.34,-11.77,7.5,16.33,31.469,9393.67,200.0,3422.0
1691446701.3175812,22.4494,-97.81,-12.13,26.9,31.8,5.0,18.198,-100.34,-11.77,7.5,17.5,31.469,10372.5,200.0,3422.0
1691446701.3275812,67.3211,-97.81,-12.13,25.55,45.7,5.0,18.198,-100.34,-11.77,7.5,18.5,31.469,11520.5,200.0,2481.0
1691446701.3375812,57.706,-97.94,-13.06,25.55,45.7,20.0,18.198,-100.34,-11.77,7.5,19.0,31.469,12033.0,200.0,1836.0
1691446701.3475811,50.7387,-98.0,-13.94,27.15,21.3,0.0,18.198,-100.34,-11.77,7.5,18.0,31.469,11119.29,200.0,1836.0
1691446701.3575811,3.5797,-98.0,-13.94,27.15,21.3,0.0,18.198,-100.34,-11.77,7.5,17.0,31.469,9737.0,200.0,1527.0
1691446701.3675814,81.8954,-98.63,-16.06,27.15,21.3,0.0,18.198,-100.34,-11.77,7.5,17.71,31.469,10682.57,200.0,2577.0
1691446701.3775814,19.97,-97.44,-15.19,25.75,21.55,25.0,18.198,-100.34,-11.77,7.5,18.5,31.469,11520.5,200.0,1908.0
1691446701.3875813,48.7424,-96.5,-16.88,25.75,21.55,5.0,18.198,-100.34,-11.77,7.5,17.6,31.469,10714.17,200.0,4251.0
1691446701.3975813,46.5687,-96.25,-12.63,24.05,49.0,5.0,18.198,-100.7,-11.93,7.5,17.0,31.469,9737.0,200.0,3662.0
1691446701.4075813,39.98,-96.25,-12.63,24.05,49.0,5.0,18.198,-100.7,-11.93,11.11,16.0,28.413,9222.0,200.0,4587.0
1691446701.4175813,52.6412,-95.91,-13.47,24.11,50.2,10.0,18.198,-100.7,-11.93,11.11,16.0,28.413,9222.0,200.0,3182.0
1691446701.4275813,25.6256,-95.91,-13.47,24.11,50.2,10.0,18.198,-100.7,-11.93,11.11,16.0,28.413,9222.0,200.0,935.0
1691446701.4375813,67.5502,-96.44,-13.19,24.11,50.2,0.0,18.198,-100.7,-11.93,11.11,17.0,28.413,9987.25,198.0,1572.0
1691446701.4475813,5.5564,-96.53,-12.44,25.8,26.5,0.0,18.198,-100.7,-11.93,11.11,19.0,28.413,12033.0,200.0,2865.0
1691446701.4575813,47.1818,-96.53,-12.44,25.8,26.5,5.0,18.198,-100.7,-11.93,11.11,19.0,28.413,12033.0,200.0,2865.0
1691446701.4675813,63.1402,-96.53,-12.44,25.8,26.5,5.0,18.198,-100.7,-11.93,11.11,17.0,28.413,9737.0,200.0,2385.0
1691446701.4775813,27.5461,-97.06,-11.75,26.55,28.6,5.0,18.198,-100.7,-11.93,11.11,17.4,28.413,10245.4,200.0,4587.0
1691446701.4875813,59.4168,-97.81,-13.88,26.55,28.6,5.0,18.198,-100.7,-11.93,11.11,17.0,28.413,9737.0,200.0,2865.0
1691446701.4975812,35.6381,-98.0,-12.19,22.9,56.55,10.0,18.198,-100.7,-11.93,11.11,17.6,28.413,10584.33,200.0,113.0
1691446701.5075812,49.7237,-97.97,-13.22,24.6,48.2,0.0,18.198,-100.7,-11.93,6.52,16.8,27.372,9863.0,200.0,3662.0
1691446701.5175812,55.958999999999996,-97.88,-15.19,24.6,48.2,10.0,18.198,-100.7,-11.93,6.52,15.5,27.372,9222.67,200.0,2865.0
1691446701.5275812,48.2719,-97.81,-13.19,25.2,33.1,5.0,18.198,-100.7,-11.93,6.52,15.17,27.372,8794.5,200.0,2577.0
1691446701.5375812,32.6928,-97.88,-11.94,25.2,33.1,5.0,18.198,-100.7,-11.93,6.52,16.0,27.372,9222.0,200.0,1431.0
1691446701.5475812,42.641000000000005,-98.0,-12.69,23.75,23.75,5.0,18.198,-100.7,-11.93,6.52,16.0,27.372,9222.0,200.0,1836.0
1691446701.5575812,40.7603,-97.88,-14.69,23.75,23.75,5.0,18.198,-100.52,-11.74,6.52,15.83,27.372,9136.5,200.0,2865.0
1691446701.5675812,34.4383,-97.88,-14.69,22.9,47.75,5.0,18.198,-100.52,-11.74,6.52,16.0,27.372,9222.0,200.0,3062.0
1691446701.5775812,44.9706,-97.53,-14.28,22.9,47.75,0.0,18.198,-100.52,-11.74,6.52,15.5,27.372,8965.5,200.0,2865.0
1691446701.5875812,50.2363,-97.53,-14.28,26.0,37.25,0.0,18.198,-100.52,-11.74,6.52,16.0,27.372,9222.0,200.0,645.0
1691446701.5975811,55.2905,-97.5,-14.38,26.0,37.25,15.0,18.198,-100.52,-11.74,6.52,16.0,27.372,9222.0,200.0,871.0
1691446701.6075811,41.9966,-97.5,-14.38,26.0,37.25,15.0,18.198,-100.52,-11.74,5.26,16.0,28.238000000000003,9222.0,200.0,2292.0
1691446701.6175814,21.9283,-97.44,-13.38,26.0,21.4,15.0,18.198,-100.52,-11.74,5.26,16.0,28.238000000000003,9222.0,200.0,2052.0
1691446701.6275814,76.6252,-97.38,-13.88,26.0,21.4,15.0,18.198,-100.52,-11.74,5.26,16.0,28.238000000000003,9222.0,200.0,1692.0
1691446701.6375813,43.5026,-96.78,-13.5,26.27,22.6,15.0,18.198,-100.52,-11.74,5.26,16.63,28.238000000000003,9638.38,200.0,1980.0
1691446701.6475813,49.6839,-96.56,-13.0,22.55,48.85,5.0,18.198,-100.52,-11.74,5.26,16.0,28.238000000000003,9797.25,200.0,3422.0
1691446701.6575813,48.5817,-96.88,-14.25,22.55,48.85,5.0,18.198,-100.52,-11.74,5.26,16.0,28.238000000000003,9222.0,200.0,2865.0
1691446701.6675813,2.5585,-96.81,-13.25,22.55,48.85,5.0,18.198,-100.52,-11.74,5.26,16.0,28.238000000000003,9222.0,200.0,3422.0
1691446701.6775813,66.0744,-96.81,-13.25,24.1,47.55,0.0,18.198,-100.52,-11.74,5.26,16.0,28.238000000000003,9222.0,200.0,1572.0
1691446701.6875813,45.5862,-96.81,-13.75,26.85,17.8,0.0,18.198,-100.52,-11.74,5.26,16.0,28.238000000000003,9222.0,200.0,1836.0
1691446701.6975813,47.597,-96.88,-13.19,26.85,17.8,0.0,18.198,-100.52,-11.74,5.26,16.0,28.238000000000003,9222.0,200.0,2481.0
1691446701.7075813,44.1158,-96.56,-12.31,26.85,17.8,0.0,18.198,-100.52,-11.74,10.0,15.67,27.03,9093.75,200.0,2481.0
1691446701.7175813,74.11399999999999,-96.56,-12.31,27.35,19.5,0.0,18.198,-101.04,-11.98,10.0,16.0,27.03,9222.0,200.0,1479.0
1691446701.7275813,23.5685,-96.31,-13.31,27.35,19.5,0.0,18.198,-101.04,-11.98,10.0,16.25,27.03,9157.25,195.0,4251.0
1691446701.7375813,38.3655,-96.59,-12.72,25.55,41.25,0.0,18.198,-101.04,-11.98,10.0,16.0,27.03,9222.0,200.0,3422.0
1691446701.7475812,59.0631,-97.06,-15.13,25.9,50.0,0.0,18.198,-101.04,-11.98,10.0,16.5,27.03,9479.5,200.0,2124.0
1691446701.7575812,6.6377,-97.06,-15.13,25.9,50.0,0.0,18.198,-101.04,-11.98,10.0,19.0,27.03,11525.0,192.0,3662.0
1691446701.7675812,78.829,-97.41,-12.44,25.9,50.0,5.0,18.198,-101.04,-11.98,10.0,17.33,27.03,10910.0,200.0,3182.0
1691446701.7775812,30.6373,-97.41,-12.44,25.65,50.9,5.0,18.198,-101.04,-11.98,10.0,16.0,27.03,9350.75,200.0,2292.0
1691446701.7875812,83.2353,-97.72,-12.94,25.65,50.9,5.0,18.198,-101.04,-11.98,10.0,16.0,27.03,9222.0,200.0,2769.0
1691446701.7975812,38.8111,-97.94,-15.06,26.1,24.35,5.0,18.198,-101.04,-11.98,10.0,16.0,27.03,9222.0,200.0,935.0
1691446701.8075812,41.0874,-97.44,-11.88,26.1,24.35,0.0,18.198,-101.04,-11.98,13.16,16.0,26.94,9222.0,200.0,2961.0
1691446701.8175812,27.6204,-97.44,-11.88,26.1,24.35,0.0,18.198,-101.04,-11.98,13.16,16.0,26.94,9222.0,200.0,1527.0
1691446701.8275812,5.6314,-97.22,-13.56,27.45,22.0,5.0,18.198,-101.04,-11.98,13.16,16.0,26.94,9222.0,200.0,3963.0
1691446701.8375812,55.0647,-96.81,-12.13,26.95,35.3,5.0,18.198,-101.04,-11.98,13.16,16.0,26.94,9222.0,200.0,3963.0
1691446701.8475811,51.4418,-96.81,-12.13,26.95,35.3,5.0,18.198,-101.04,-11.98,13.16,18.25,26.94,11264.25,200.0,3662.0
1691446701.8575811,48.5817,-96.31,-12.19,26.95,35.3,5.0,18.198,-101.04,-11.98,13.16,18.25,26.94,11520.5,200.0,3963.0
1691446701.8675814,59.988,-96.31,-12.19,26.05,53.85,5.0,18.198,-101.04,-11.98,13.16,17.25,26.94,10054.75,200.0,1095.0
1691446701.8775814,64.582,-96.56,-12.81,26.05,53.85,0.0,18.198,-101.04,-11.98,13.16,17.67,26.94,10690.25,200.0,1479.0
1691446701.8875813,56.6093,-96.63,-12.63,26.05,53.85,0.0,18.198,-100.9,-11.73,13.16,16.0,26.94,9350.75,200.0,2124.0
1691446701.8975813,28.0115,-96.81,-14.44,26.9,25.5,0.0,18.198,-100.9,-11.73,13.16,16.0,26.94,9222.0,200.0,935.0
1691446701.9075813,79.8149,-96.72,-13.16,25.5,47.1,10.0,18.198,-100.9,-11.73,12.2,16.0,27.06,9222.0,200.0,2577.0
1691446701.9175813,59.8083,-96.72,-13.16,25.5,47.1,10.0,18.198,-100.9,-11.73,12.2,16.0,27.06,9222.0,200.0,4904.0
1691446701.9275813,61.0256,-96.38,-15.75,25.5,47.1,10.0,18.198,-100.9,-11.73,12.2,17.2,27.06,10142.4,200.0,3822.0
1691446701.9375813,35.3386,-96.25,-15.25,25.1,50.8,35.0,18.198,-100.9,-11.73,12.2,18.5,27.06,11520.5,200.0,2292.0
1691446701.9475813,46.4851,-95.66,-14.72,21.0,48.9,35.0,18.198,-100.9,-11.73,12.2,18.0,27.06,11008.0,200.0,3422.0
1691446701.9575813,38.8615,-95.66,-14.72,21.0,48.9,5.0,18.198,-100.9,-11.73,12.2,18.0,27.06,11008.0,200.0,157.0
1691446701.9675813,61.0623,-94.34,-13.06,21.0,48.9,5.0,18.198,-100.9,-11.73,12.2,17.0,27.06,9737.0,200.0,277.0
1691446701.9775813,61.6929,-94.31,-13.31,26.35,14.25,0.0,18.198,-100.9,-11.73,12.2,16.0,27.06,9222.0,200.0,935.0
1691446701.9875813,73.04,-94.31,-13.31,26.35,14.25,0.0,18.198,-100.9,-11.73,12.2,16.0,27.06,9222.0,200.0,1764.0
1691446701.9975812,68.4642,-94.69,-13.56,26.35,14.25,10.0,18.198,-100.9,-11.73,12.2,16.0,27.06,9135.0,197.333,3422.0
1691446702.0075812,77.9643,-95.16,-13.19,26.8,21.85,10.0,28.264,-100.9,-11.73,0.0,16.0,30.098000000000003,9222.0,200.0,3662.0
1691446702.0175812,36.2758,-95.16,-13.19,25.9,56.15,0.0,28.264,-100.9,-11.73,0.0,16.0,30.098000000000003,9222.0,200.0,3963.0
1691446702.0275812,52.3339,-95.81,-13.81,25.9,56.15,0.0,28.264,-100.9,-11.73,0.0,16.0,30.098000000000003,9222.0,200.0,3662.0
1691446702.0375812,90.4702,-95.81,-13.81,26.0,54.45,0.0,28.264,-100.31,-11.55,0.0,16.0,30.098000000000003,9222.0,200.0,3963.0
1691446702.0475812,58.8036,-96.47,-15.75,26.0,54.45,0.0,28.264,-100.31,-11.55,0.0,16.0,30.098000000000003,9222.0,200.0,4587.0
1691446702.0575812,51.7017,-96.47,-15.75,25.4,52.75,5.0,28.264,-100.31,-11.55,0.0,16.0,30.098000000000003,9222.0,200.0,4904.0
1691446702.0675812,73.3186,-96.19,-16.19,25.4,52.75,5.0,28.264,-100.31,-11.55,0.0,16.0,30.098000000000003,9222.0,200.0,3662.0
1691446702.0775812,53.1789,-95.81,-13.13,26.3,49.15,0.0,28.264,-100.31,-11.55,0.0,16.0,30.098000000000003,9222.0,200.0,4251.0
1691446702.0875812,28.7583,-95.13,-14.81,26.3,49.15,0.0,28.264,-100.31,-11.55,0.0,16.0,30.098000000000003,9222.0,200.0,1572.0
1691446702.0975811,41.8251,-95.13,-14.81,27.8,21.6,0.0,28.264,-100.31,-11.55,0.0,16.0,30.098000000000003,9222.0,200.0,1479.0
1691446702.1075811,97.0494,-93.81,-13.75,27.8,21.6,0.0,28.264,-100.31,-11.55,12.5,18.8,33.29,11953.67,200.0,5861.0
1691446702.1175814,57.2181,-93.81,-13.75,27.4,47.2,0.0,28.264,-100.31,-11.55,12.5,18.8,33.29,13062.0,200.0,4251.0
1691446702.1275814,52.2401,-93.69,-10.88,27.4,47.2,0.0,28.264,-100.31,-11.55,12.5,18.0,33.29,11008.0,200.0,3542.0
